title,board
[新聞] 中職／3大自由球員僅剩蘇智傑沒簽約　蘇,Baseball
[新聞] mlb／季後賽被虐還嘴硬？洋基教頭向藍鳥,Baseball
[討論] 經典賽年亞洲職棒洋投宰制力會更強嗎?,Baseball
[討論] 球團都不放人，那辦wbc還有意義嗎？,Baseball
[新聞] spc-經典賽》力拚暌違13年冠軍！多明尼加,Baseball
[新聞] 陳晨威緊張得像木頭 「啾啾照」甜蜜曝光,Baseball
[新聞] 經典賽／李政厚預計代表韓國出戰　將對決,Baseball
[新聞] mlb》搶手自由球員alonso將和紅襪、金鶯會面 大都會全力留人,Baseball
[新聞] mlb》bonds、clemens再度落選　名人堂主席：不意外,Baseball
[新聞] mlb》傳與valdez會面　但大都會可能不願開長約,Baseball
[分享] 明年中華隊熱身賽及正賽賽程表,Baseball
[分享] 韓國職棒 2025年金手套獎,Baseball
[公告] 板規 v7.0   道連霸/猿奪冠/軟優勝/lg封王,Baseball
[整理] 2025 棒球賽事 轉播時間表,Baseball
[公告] 板務預告&spc禁發討論&板主徵選,Baseball
[新聞] 林岱安合約細節曝光 7年合約有機會都當球,Baseball
[新聞] 好友助攻+誠意打動 加速賴智垣劉時豪投奔,Baseball
[新聞] 林益全傳「轉戰cpb」下家曝光　月薪蒸發近兩位數,Baseball
[情報] 日本職棒2025現役選秀,Baseball
[分享] 花蓮棒球場大螢幕更新,Baseball
[新聞] 林益全確定轉戰中國 新球季披龍袍,Baseball
[新聞] 林益全加入中國城市棒球聯賽 劉志昇：不,Baseball
[新聞] 狠心賣掉大谷翔平300轟球！女大生驚人背,Baseball
[新聞] spc-經典賽》繼12強後再度強碰台灣隊！,Baseball
[新聞] ysf-林益全確定加盟上海正大龍 月薪近18萬、12月中報到,Baseball
[新聞] spc-mlb》宇宙道奇想簽塔克、貝林傑只是,Baseball
[討論] 徐若熙3年十五億日幣 不就早證明了王牌?,Baseball
[新聞] 改當「上海神全」 林益全領頂薪17萬放眼,Baseball
[新聞] 猛獅2投林原裕、楊孟沅市場行情好 領隊,Baseball
[專欄] 顏郁軒專訪》從自培到一軍　用不放棄的,Baseball
[新聞] mlb》國民新同學要替英國打wbc　有機會專,Baseball
[新聞] 挺基層運動！棒球小將分享赴美見習心得,Baseball
[分享] 日職各隊球迷版球衣評價,Baseball
[新聞] wbc》大谷翔平是否投球？ 道奇總教練：,Baseball
[新聞] mlb》洋基明年有望追上藍鳥？總教練aaron,Baseball
[新聞] ysf-60人外變搶手！林原裕、楊孟沅成多隊,Baseball
[新聞] mlb／曝昔日「谷鱒」愛開玩笑 天使新教頭,Baseball
[情報] 洋基與國民討論mackenzie gore交易,Baseball
[分享] npb靠現役選秀加薪 500%以上的4位球員,Baseball
[新聞] mlb(影)／大谷翔平今年最後一發全壘打球,Baseball
[分享] 坂本勇人 減薪2億日圓,Baseball
[新聞] 日職／5億日圓→3億日圓 坂本勇人扣滿40,Baseball
[分享] 陳晨威 求婚成功,Baseball
[新聞] 陳晨威求婚成功！　親吻告白啦啦隊女神啾啾：因為有妳才變成,Baseball
[新聞] 林益全轉戰中國棒球聯賽 下家曝光！月薪從27萬變17萬,Baseball
[情報] 前西武守護神albert abreu加入中日，及其他,Baseball
[新聞] 中國城市聯賽3隊競爭　林益全加入上海正,Baseball
[新聞] 「很聽啾啾的話」 陳晨威求婚成功,Baseball
[新聞] 例行賽最多救援失敗！道奇相信史考特上季,Baseball
[新聞] 田司恩威力盃完封勝獲mvp 投打跑能力佳想拚國手,Baseball
[新聞] 中職》留北或南漂 「龍王」下站都有看頭,Baseball
[新聞] 中職》林岱安離隊 林岳平已擬3備胎,Baseball
[情報] garrett crochet 預計不會打經典賽,Baseball
[新聞] 2年約上看120萬美元 桃猿續留威能帝,Baseball
[情報] 軟銀預計給徐若熙18號球衣,Baseball
[分享] 橫濱dena以一年約網羅洋砲 cooper hummel,Baseball
[新聞] 大谷翔平行善不欲人知　教頭透露幫隊友母,Baseball
[新聞] wbc／佐佐木朗希跟隨大谷參戰經典賽？美,Baseball
[新聞] 佐佐木朗希在能登地震災區為小學生提供,Baseball
[新聞] wcy-軟銀展現重視！交付王牌18號背號迎接,Baseball
[新聞] 大聯盟「台積日」有望　響尾蛇隊ceo曝華,Baseball
[新聞] mlb》道奇要補進skubal？　總教練對目前,Baseball
[新聞] 曾放話「輸台灣就改練投手」　辰己涼介,Baseball
[專欄] 江少慶不用保護 統一應會選牛棚投手或捕,Baseball
[新聞] 外媒爆料佐佐木朗希確定參賽 道奇教頭與,Baseball
[新聞] 「我要全部！」傳網羅王維中和江少慶組左,Baseball
[分享] 南海 大榮 軟銀歷代18號,Baseball
[情報] aroldis chapman進入經典賽英國隊大名單,Baseball
[專欄] 中職36年回顧》季後挑戰賽遭翻盤統一獅又,Baseball
[新聞] 亞洲冬季聯盟場邊 男拿網撈「球員裝備」,Baseball
[新聞] 新北大巨蛋選址啟動 議員號召市民連署,Baseball
[討論] 洋基今年最大的補強會是誰？,Baseball
[新聞] spc-mlb》昔日冬季會議創253億輝煌戰績！,Baseball
[新聞] spc-日職》經典賽冠軍國手報銷遭降薪900,Baseball
[討論] 嘟福恰勝山五人算是生錯時代嗎？,Baseball
[新聞] mlb》金鶯砸1.64億鎂搶王牌先發 盼走出2025墊底陰影,Baseball
[新聞] mlb》藍鳥有大動作？　將rodriguez移出40人名單引發揣測,Baseball
[新聞] mlb》jeff kent進入名人堂　bonds、clemens再度落選,Baseball
[分享] 日本社會人棒球2025年度獎項揭曉,Baseball
[情報] mike soroka去響尾蛇,Baseball
[分享] 若月健矢 明年年薪1億8000萬日圓,Baseball
[分享] 中華職棒 fb - 2026 社區裁判推廣營,Baseball
[分享] 鍵盤球探：胡智爲（下集） 絕處逢生,Baseball
[情報] 日本職棒選手會新任會長：近藤、大瀨良,Baseball
[分享] 佐佐木朗希 wbc參賽確定,Baseball
[情報] 松本剛轉隊，日本火腿只要金錢補償,Baseball
[新聞] 富邦補強無極限 王維中當悍將?,Baseball
[新聞] 「感覺少了一些緣份」 台鋼領隊劉東洋祝,Baseball
[新聞] 台北市追平分戲劇性改判為再見出局！教頭,Baseball
[情報] 西川遙輝回歸火腿維持先前背號7號,Baseball
[新聞] 曾放話輸台灣改當投手 辰己涼介fa乏人問,Baseball
[新聞] mlb／海盜罕見開出超過1億美元合約 美媒,Baseball
[新聞] 日職／藤浪返日首季坦言表現沮喪 明年仍,Baseball
[新聞] ysf 中華隊經典賽前大巨蛋迎戰軟銀、火,Baseball
[新聞] 威力盃／南投挺進冠軍戰隊史第一次 田司,Baseball
[新聞] 威力盃》田司恩首局首打席開轟 南投縣隊,Baseball
"[分享] npb明日第4屆現役選秀,田中瑛斗獲加薪5.2倍",Baseball
[新聞] ysf/林倪安遭指介入高志綱婚姻　發布10點聲明！強調全面提告,Baseball
[新聞] 陽柏翔專訪》因陽岱鋼而踏上棒球之路 陽,Baseball
[專欄] 林威助操盤押注捕手 富邦悍將亮牌鐵了心,Baseball
[新聞] ysf-wbc再遇大谷翔平　李政厚不再感神奇,Baseball
[新聞] 日職》軟銀公布明年球季選手背號 空出18,Baseball
[新聞] 富邦悍將》1年約轉戰新球隊　林書逸：感,Baseball
[新聞] 確定轉戰富邦 林書逸感謝兄弟也謝謝台鋼,Baseball
[情報] 社會人棒球名門panasonic即將停止活動,Baseball
[新聞] 青棒／李星漢飆149公里火球奪勝 平鎮奪,Baseball
[分享] 愛爾達fb:訂閱愛爾達送wbc門票,Baseball
[新聞] mlb》大谷翔平球員卡拍賣 1天就破百萬美,Baseball
[新聞] 老虎王牌要被挖走？道奇祭1換4超豪華包裹,Baseball
[分享] stuart fairchild 結婚,Baseball
[分享] 奶哥x：樂天兩年約續留威能帝,Baseball
[分享] 讀賣巨人隊松本剛被炎上,Baseball
[新聞] 樂天2年約確定留住年度mvp威能帝　積極,Baseball
[新聞] ysf-前韓職團長：王彥程是開拓台灣市場開,Baseball
[專欄] 王翊亘專欄／威能帝2年合約留樂天　富邦5,Baseball
[新聞] ysf-傳韓職高價挖角！桃猿兩年約留住威,Baseball
[分享] 林書逸加盟富邦悍將,Baseball
[新聞] 2年至少120萬美元  威能帝續留樂天,Baseball
[新聞] 若clemens沒進名人堂 川普：應該提告,Baseball
[分享] 乏人問津的辰己涼介,Baseball
[分享] 2025 cpbl各隊球季後異動&活動-1208,Baseball
[新聞] ysf-捕手成補強熱門！前悍將姚冠瑋傳味全龍,Baseball
[新聞] 獅隊要求富邦本週交25人名單　同步希望蘇,Baseball
[新聞] 婚紗照曝光!台美混血費爾柴德迎娶最愛 林,Baseball
[新聞] 冬盟》日本監督連3年帶隊來台 點出台灣球,Baseball
[分享] dazn 電視頻道 轉播澳洲職棒,Baseball
[新聞] 中込伸回憶來台過程！兄弟象「一週一簽」艱苦合約　重啟職,Baseball
[新聞] 冬盟》台式應援讓日本監督大開眼界 「他,Baseball
[新聞] 邦茲再拚2026名人堂 兩位退役球員聲援：他是史上最強打者,Baseball
[新聞] 樂天安排赴日進修　曾豪駒收穫滿滿「很值,Baseball
[討論] 球隊數 強度 薪水三者之間的關係,Baseball
[新聞] 冬盟》絢爛的冠軍煙火秀 震撼日本監督「,Baseball
[新聞] 有複數球隊展現網羅興趣 王維中、曾仁和,Baseball
[新聞] 天使實戰球衣搶收藏 大谷穿4場沒開轟172,Baseball
[分享] 朱盟、陳世展、李育朋、余新喆 捐款給東體,Baseball
[情報] 紅襪對於交易來ketel marte有興趣,Baseball
[新聞] 12強熱延燒威力盃 林家正、陳傑憲成偶像,Baseball
[新聞] 閃耀本壘指揮塔 林岱安讓捕手價值躍升,Baseball
[新聞] 知道半路改練捕手的難 林吳晉瑋要向林岱,Baseball
[新聞] 打擊低迷仍維持3億年薪 源田壮亮想打明年,Baseball
[分享] 布萊威(scott blewett)獲邀參加紅雀隊春訓,Baseball
[情報] jeff kent入選名人堂,Baseball
[情報] jeff kent 入選名人堂,Baseball
[分享] 冬季聯盟悍將發威  但海洋季軍戰惜敗山林,Baseball
[新聞] spc-經典賽》想再接一次大谷翔平魔球！中,Baseball
[live] 2025亞洲冬盟#44 日職聯隊 vs 日本社會人,Baseball
[新聞] 冬盟》階段性任務完成 彭政閔吐露心聲,Baseball
[分享] 今日 劉俊緯 (單場mvp),Baseball
[分享] 田口麗斗 今天在波多黎各冬盟主投6局0失分,Baseball
[新聞] xbx 日本社會人大買20盒大樹鳳梨酥　教頭,Baseball
[新聞] 盧孟揚有個「致命傷」 彭政閔有話老實說,Baseball
[新聞] 川普怒了！喊話mlb「立刻」讓克萊門斯進名人堂：禁藥指控從,Baseball
[新聞] 冬盟》日本社會人大買20盒大樹鳳梨酥　教,Baseball
[問題] 當年落磯的賴瑞·沃克有多強?,Baseball
[新聞] 訓練重質不重量才是王道？ 日本國家隊監督,Baseball
[新聞] 業餘打敗職業！ 日本社會人勇奪隊史第3冠,Baseball
[分享] 今日亞洲冬盟觀眾人數,Baseball
[新聞] mlb》小熊球迷空歡喜一場？　「響尾蛇主,Baseball
[問題] leclerc明年2026有辦法再起嗎?,Baseball
[新聞] 「台灣隊長」陳傑憲參戰wbc？本人親自回,Baseball
[新聞] 冬盟／日本社會人收拾日職聯隊封王 山田,Baseball
[新聞] spc-經典賽》大谷參戰拚衛冕組最強日本,Baseball
[新聞] 冬盟／全軍覆沒！台灣海洋、山林都遭逆,Baseball
[新聞] spc-mlb》只剩60轟羅里1名捕手！水手交,Baseball
[討論] 中職賽季有無可能延長從3月中到11月？,Baseball
[新聞] spc-mlb》敗給道奇的藍鳥補強沒有極限？,Baseball
[討論] 中職季賽可以先加到130場？,Baseball
[live] 2025亞洲冬盟#43 台灣山林 vs 台灣海洋,Baseball
[新聞] espn: 村上宗隆動向要等schwarber定案,Baseball
[情報] 奶哥x:有中職球隊關注ricardo sanchez,Baseball
[新聞] 冬盟》不在澄清湖！冠、季軍戰移師嘉義市,Baseball
[新聞] wbc》中華隊總教練曾豪駒再赴美 參加大聯,Baseball
[新聞] 棒球名人堂公布前夕 川普再次呼籲納入克,Baseball
[新聞] 大聯盟官方拍賣世界大賽商品夯 山本由伸,Baseball
[分享] 中村獎成 加薪2200萬日圓,Baseball
[新聞] 中職》從被發掘到改練捕手綻放光芒 林岱,Baseball
[新聞] 冬盟／一度讓對手15上15下　兄弟小將盧孟,Baseball
[新聞] 「鷹狀元」韋宏亮控球大暴走 台灣山林逆,Baseball
[分享] 談到大谷配置 井端：能投最好打擊會往前,Baseball
[新聞] 冬盟／韋宏亮控球走鐘送掉江山 台灣山林,Baseball
[新聞] 馬不停蹄！曾豪駒赴美參加大聯盟活動 傳是,Baseball
[新聞] 力挺日本3星參加經典賽　道奇前賽揚強投,Baseball
[新聞] 高野聯正在研擬在全國大賽導入重播輔助判決,Baseball
[新聞] mlb》波多黎各經典賽主戰中外野手有解？,Baseball
[新聞] 逾4千人、15名旅外好手曾打威力盃 盼助,Baseball
[情報] 小熊希望以均薪22m簽下gallen,Baseball
[情報] 養樂多調查前中日洋投nash walters,Baseball
[新聞] 後藤很chill 王念好期待明年蛻變,Baseball
[新聞] 富邦打磨新隊形 江少慶先報喜,Baseball
[新聞] 「岱」出捕手新高度 張閔勛受激勵,Baseball
[新聞] 坦言想過今年再行使自由球員 陳鏞基看到,Baseball
[分享] 三年前的今天 arson judge加入巨人,Baseball
[新聞] 水手出手了！送出兩新秀換國民終結者潛力,Baseball
[新聞] 前球星父親紀俊麟督軍見證 紀均叡首日擊,Baseball
[新聞] 中職／林岱安會傳遞好氣氛！張育成曾喊「,Baseball
[新聞] wbc／怎麼對決大谷翔平？　張育成無厘頭,Baseball
[分享] yariel rodriguez 移出藍鳥隊40人名單,Baseball
[新聞] 道奇帥哥右投結婚 對觀眾席美女一見鍾情,Baseball
[新聞] ysf-鄭宗哲親眼見識賽揚級火球　曝史金,Baseball
[新聞] 軟銀正式簽下徐若熙、預計公布時間點揭,Baseball
[新聞] spc-日職》軟銀正式簽下徐若熙、預計公,Baseball
[新聞] 富邦目標明確要搶林岱安　林威助解密：總,Baseball
[新聞] 郭泓志現身澄清湖棒球場！ 與峮峮、鬼鬼,Baseball
[討論] 蘇智傑 vs 詹子賢,Baseball
[新聞] spc-經典賽》大谷翔平表態願意再打wbc,Baseball
[live] 2025亞洲冬盟#42 台灣山林 vs 日本社會人,Baseball
[分享] mlb官方ws g7精華觀看破五百萬了,Baseball
[新聞] 冬盟》日本社會人和職業選手的不同 彭政,Baseball
[新聞] spc-反對聲浪大！甲子園最快2028年恐改打,Baseball
[新聞] xbx-日本社會人教頭納悶問彭政閔 台灣好,Baseball
[新聞] 豊暐11月骨刺動刀盼趕上春訓 全力衝刺拼,Baseball
[分享] 奥川恭伸 加薪1100萬日圓,Baseball
[送票] （已送出）冬盟套票一張（斗六,Baseball
[炸裂] 張士綸,Baseball
[新聞] xbx-29歲宋成文競標大聯盟 不執著一定要,Baseball
[炸裂] johnny peter clark,Baseball
[分享] 今日亞洲冬盟觀眾人數,Baseball
[分享] 今日曾家輝,Baseball
[情報] 20251207亞洲冬季棒球聯盟預告先發,Baseball
[新聞] 冬盟》「他投得非常棒」 彭政閔讚賞曾家輝,Baseball
[新聞] 冬盟》台灣山林一路潰敗 彭政閔想告訴選,Baseball
[新聞] 林岱安7年5600萬轉戰富邦悍將　張閔勛：,Baseball
[新聞] 問到和樂天合約進度 林立愛說笑：「看有,Baseball
"[分享] 日職fa市場尚有3位未決定,5位已確定球隊",Baseball
[新聞] spc-mlb》昔「索托碎片」要一起當隊友？,Baseball
[新聞] 中職／據傳桃猿開出5年大約留人　林立幽,Baseball
[新聞] ysf-張閔勛赴日進修　古久保全程一起學,Baseball
[新聞] 不怕競爭! 豊暐視林岱安為助力 最欣賞他,Baseball
[新聞] ysf-張閔勛坦言拆夥黃子鵬不捨　談林岱,Baseball
[新聞] 「我沒辦法一心二用」　陳鏞基新賽季想,Baseball
[分享] 今宮健太 減薪一億日圓,Baseball
[討論] cyaward share算是歷史投手排行嗎？,Baseball
[新聞] 經典賽／張育成正式表態參戰！傷勢已無大,Baseball
[新聞] 冬盟》看到日本投手熱投117球 台灣教頭,Baseball
[新聞] 小球員提問「誰比較強？」 張育成：陳傑,Baseball
[新聞] 陳仕朋眼中的林岱安很樂天 張育成猜不透,Baseball
[新聞] 棒球結合閱讀！味全龍贈百本有聲繪本,Baseball
[新聞] 影／傷勢復原趕上經典賽沒問題！ 張育成,Baseball
[分享] 自由人跟萊恩雷諾斯合作募款,Baseball
[討論] 交易林立的可能性?,Baseball
[討論] 威能帝宰制中職 mlb為何興趣缺缺?,Baseball
[新聞] 模擬比賽球速飆到150公里 江少慶:離自己,Baseball
[新聞] 2023年經典賽就跟林岱安搭配過 江少慶談,Baseball
[專欄] 專欄／「岱安人生」終於落幕　富邦補上,Baseball
[live] 2025亞洲冬盟#41 台灣海洋 vs 日職聯隊,Baseball
[新聞] 郡司裕也請mizuno製作郡司free size,Baseball
[新聞] 中職》「有看到150了！」江少慶看到自己和富邦,Baseball
[炸裂] 庄子雄大,Baseball
[新聞] ysf-江少慶實戰球速重返150公里　自評仍,Baseball
[新聞] mlb／喊大都會渴望贏球　威廉斯轉隊理由,Baseball
[新聞] 「接下來應該都是關鍵的一年」 江少慶：,Baseball
[新聞] 中職》從微不足道的小事 昔日文大教練看,Baseball
[新聞] 赴日自主訓練跟古久保健二相見歡　張閔,Baseball
[新聞] 林岱安轉戰悍將簽7年大約　陳鏞基不捨,Baseball
[分享] 大竹耕太郎 年薪達到1億3000萬日圓,Baseball
[討論] 邦二會期待被統一挑走嗎?,Baseball
[新聞] xbx-中信兄弟新人斜肩左投錢可倫 冬盟自,Baseball
[新聞] 獅報價蘇智傑 月薪破70萬4年約,Baseball
[新聞] 季後流失3主力 餅總：新陳代謝是好事,Baseball
[新聞] 富邦贏在起跑點 林岱安7年約一拍即合,Baseball
[新聞] 青棒捕手反串要註明 不想被富邦選到,Baseball
[新聞] 頂上學長缺口 小獅捕鞭策自己成長,Baseball
[新聞] 中職》最佳搭檔林岱安轉隊 獅洋投布雷克,Baseball
[新聞] spc-mlb》打倒道奇言論被過度解讀？ 權,Baseball
[新聞] spc-mlb》打臉！質疑山本由伸百億天價約,Baseball
[情報] 老虎簽下ssg 洋投drew anderson,Baseball
[新聞] 運動家新球場進度如期　拉斯維加斯2028年,Baseball
[新聞] 林岱安空降第8！　cpbl前10大合約榜單更,Baseball
[分享] ssg登陸者以總額90萬美金簽drew verhagen,Baseball
[新聞] spc-日職》不想退休轉教練還想打球！日媒,Baseball
[新聞] 韓職兩年大進化！安德森主宰kbo後回歸mlb,Baseball
[新聞] mlb內幕/金慧成助道奇牽線宋成文 走與柳,Baseball
[新聞] 興大附農首度舉辦ob賽 張育成、張進德等,Baseball
[討論] 無法留下岱安會促使統一去出手fa嗎?,Baseball
[情報] 20251206亞洲冬季棒球聯盟預告先發,Baseball
[新聞] xbx-林岱安合約總值破5000萬 劉家豪希望,Baseball
[新聞] 經典賽／道奇傳奇ob岡耶盼日籍三星都參戰,Baseball
[分享] 梁玹種與起亞簽下2+1年合約 總額45億合約,Baseball
[新聞] 高野聯目前對甲子園是否改成7局還未達成,Baseball
[新聞] mlb》只剩2年翻身!吉田正尚慘列「爛約前,Baseball
[新聞] 中職／6年戰友林岱安離開統一獅！　布雷,Baseball
[情報] tyler glasnow 雪哥 結婚,Baseball
[新聞] 冬盟》兄弟也有「左怪投」 錢可倫vs.王志,Baseball
[分享] 莊司宏太 加薪3000萬日圓,Baseball
[討論] 明年林立才是主戰場,Baseball
[新聞] 日職》明年上任養樂多燕子gm 青木宣親：,Baseball
[分享] 柳裕也跟中日龍隊簽下三年約 年薪2億日圓,Baseball
[分享] aaron judge抽2026世足賽第3檔國家小組籤,Baseball
[live] 2025亞洲冬盟#40 日職聯隊 vs 台灣山林,Baseball
[分享] 矢田修指導山本由伸投球片段,Baseball
[分享] 林岱安:希望多提供球場以外的美食資訊,Baseball
[新聞] 一軍年資滿3年即可行使海外fa 彭政閔認為,Baseball
[新聞] 林岱安盼盡快融入悍將文化 對邦迷印象最,Baseball
[新聞] xbx-中職》兩年流失3名主要戰力 統一獅,Baseball
[討論] 蘇泰安算是中職名言佳句王嗎,Baseball
[討論] 台南球場明年會安排賽程嗎 還是就搬亞太,Baseball
[新聞] 中職／林威助看重指揮官特質 陳昭如揭悍,Baseball
[新聞] 悍將fa補強確定告一段落 戰力外名單持續,Baseball
[新聞] 金慧成超想披韓國隊戰袍！連集訓也想去,Baseball
[討論] 富邦滿手現金 為何不買進蘇智傑?,Baseball
[新聞] spc-西武前一指大物嘆迷失自己 明年要與,Baseball
[討論] 林家正是最輸?,Baseball
[新聞] wcy-林岱安轉隊深情告白　布雷克暖回：一輩子的朋友！,Baseball
[新聞] 相信對岱安是艱難的決定 統一獅祝福林岱安,Baseball
[新聞] 棒球》林昱珉不怕挨打 陳柏毓不想後悔,Baseball
[新聞] 范國宸曾打電話關心！ 林岱安拜託悍將家,Baseball
[討論] 接下來換蘇智傑的回合了吧,Baseball
[分享] 近五年 統一 vs 富邦 戰績,Baseball
[新聞] 林岱安轉隊富邦悍將 林岳平:球隊早就有,Baseball
[新聞] 報價給蘇智傑近一個月 統一獅期盼「儘早,Baseball
[新聞] 林岱安確定轉戰富邦　獅隊fa補償方案待定、仍在等蘇智傑回,Baseball
[新聞] 不要再「你加、我加」蘇泰安放棄跟進悍,Baseball
[新聞] 冬盟》18歲才接受正規訓練 陳正毅十分佩,Baseball
[討論] 喵喵在打什麼大算盤嗎？,Baseball
[新聞] 獅隊補償方案先看悍將25人名單再說 也盼,Baseball
[新聞] 悍將捕手低迷賽季不惜血本搶林岱安 「富邦十年」收集冠軍碎,Baseball
[新聞] 中職／看好林岱安厚植富邦悍將戰力　林,Baseball
[新聞] wcy 各隊只出價一次!悍將一開始就認同7,Baseball
[討論] fa精神是什麼,Baseball
[新聞]  四支開價球隊含兄弟 林岱安感謝被看,Baseball
[新聞] 中職》富邦悍將簽下林岱安 領隊陳昭如：,Baseball
[新聞] 大聯盟退役球星現身土庫！馬光國中棒球,Baseball
[新聞] 中職／林岱安情定北方王者　悍將合約年,Baseball
[新聞] 日職／山川穗高不想再打經典賽！直言很,Baseball
[新聞] 林岱安細數統一獅點滴 特別提到布雷克：,Baseball
[分享] 林岱安 ig感謝文,Baseball
[情報] 費城人隊小聯盟約簽下日本混血投手,Baseball
[新聞] 棒球》台灣高中比賽實在太多了 來看日本,Baseball
[新聞] 「如果日本能闖進8強的話...」羅伯斯透露,Baseball
[新聞] 在日本高校主鎮守二壘 明年球季曾昱磬「,Baseball
[新聞] spc-完全不想代表日本參戰！275轟重砲坦,Baseball
[新聞] 韓國棒球輸給台灣？韓媒認：我們沒這種,Baseball
[新聞] 經典賽中華隊有望對上大谷翔平？台日韓,Baseball
[情報] 林岱安去富邦悍將 合約為7年5600萬,Baseball
[新聞] 林岱安轉戰富邦悍將　7年合約總值最高56,Baseball
[情報] 富邦悍將 ig #湛藍指揮塔,Baseball
[新聞] 林岱安離開統一獅　蘇泰安不捨：尊重選,Baseball
[分享] 統一獅fb—thank you林岱安,Baseball
[新聞] 中職》開出史上最大捕手約 富邦悍將「岱,Baseball
[分享] 2025 cpbl各隊球季後異動&活動-12/5,Baseball
[新聞] 快訊／統一獅thank you待11年林岱安！,Baseball
[新聞] 中職／湛藍指揮塔！悍將7年選手+教練約,Baseball
[新聞] 如果江少慶不在富邦25人保留名單 統一獅,Baseball
[新聞] 中職／獅隊5年合約落敗尊重林岱安選擇,Baseball
[討論] 開大約成功 接下來可期待邦的洋投嗎,Baseball
[新聞] spc-經典賽／大谷只能打dh！ 道奇教頭透,Baseball
[情報] the password被交易至海盜換oviedo,Baseball
[討論] 林岱安去富邦會是1號還2號?,Baseball
[新聞] 黃子鵬出走樂天選一次補償1050萬 網：8.4萬個便當太香了,Baseball
[討論] 豊暐天花版是比較帥的方克偉吧？,Baseball
[新聞] 獅隊首度留人失敗、悍將首度搶人成功 林,Baseball
[新聞] 林岱安有冠軍命 富邦進補福將,Baseball
[分享] 阪神虎全隊有機會刷新 年薪1億以上新紀,Baseball
[情報] 爭取火腿二軍，苫小牧議員穿隊衣議事,Baseball
[討論] 富邦今年的補強相當精準,Baseball
[新聞] mlb/巨人退出今井達也爭奪戰!球迷不忍開,Baseball
[新聞] occ-佐佐木朗希不打經典賽　道奇教頭：如,Baseball
林岱安加盟富邦,Baseball
[討論]明年中職兩大循環圖大概要一起作廢了吧,Baseball
[討論] 所以張進德還會蹲嗎？,Baseball
[live] 2025亞洲冬盟#39 日本社會人 vs 台灣海洋,Baseball
[討論] 念好會在富邦25人內嗎？,Baseball
[情報] 小熊、費城人跟洋基對今井達也有興趣,Baseball
[討論] 為什麼中職fa要有補償制度？,Baseball
[情報] 養樂多燕子隊新任總經理：青木宣親,Baseball
[情報] 20251205亞洲冬季棒球聯盟預告先發,Baseball
[新聞] 冬盟》秋山凌祐6局優質先發 日本社會人力,Baseball
[新聞] 獲軟銀3億大約！美日球團爭搶徐若熙 韓媒：我們有這樣投手嗎,Baseball
[討論] 84000個便當可以給吱吱球員吃多久？,Baseball
[討論] 25人應該正常排還是引誘原球隊失誤？,Baseball
[分享] npb現役500位票選守備達人 田中幹也遺憾,Baseball
[新聞] mlb》加盟大都會疑遭洋基球迷出征　威廉,Baseball
[分享] 隅田知一郎 年薪達到1億6000萬日圓,Baseball
[新聞] spc-日職》防禦率完美的0卻被震撼戰力外,Baseball
[分享] 丸佳浩：丟到我我就捐錢,Baseball
[分享] 加藤貴之 年薪維持三億日圓,Baseball
[分享] 廣島隊宣布 中村奨成等人結婚,Baseball
[情報] 石井一成 已經和西武達成合約共識,Baseball
[新聞] 悍將大進「捕」 7年約綁定林岱安,Baseball
[情報] 阪神虎隊引進最新打擊機器和動作解析機器,Baseball
[新聞] 中職》good goodbye！揮別統一獅林岱安7,Baseball
[新聞] wcy-確定不投了？大谷翔平wbc專心當打者,Baseball
[新聞] 中職／林岱安告別統一獅！傳富邦悍將「,Baseball
[新聞] mlb》從高中就開始觀察大谷 道奇副總裁認,Baseball
[live] 2025亞洲冬盟#38 台灣山林 vs 日本社會人,Baseball
[新聞] 林哲瑄觀摩火腿二軍秋訓 曝選手體能超強,Baseball
[新聞] 富邦新氣象！林哲瑄談後藤光尊給球員大,Baseball
[新聞] 中職／林哲瑄明年任務培育球員 火腿秋訓,Baseball
[新聞] 青少棒／15歲歐子喬球速已達146公里,Baseball
[新聞] 中職／富邦悍將明年不一樣！後藤光尊給,Baseball
[新聞] 中職／沒選台鋼雄鷹球員當黃子鵬補償！,Baseball
[新聞] spc-前兄弟洋投之子入選巴西隊初步名單！,Baseball
[新聞] 鄭宗哲、李灝宇讚東體黃靖哲 身材不突出,Baseball
[新聞] mlb／紐約市長票數公布！賈吉竟獲得11票,Baseball
[新聞] spc-日職》12強被台灣砲轟！火腿強投年,Baseball
[新聞] 安了！富邦悍將大約網羅林岱安有影,Baseball
[情報] 阪神虎隊公開重要史料：藤村排斥事件,Baseball
[新聞] mlb(影)下一個大谷翔平？日本18歲「二刀,Baseball
[新聞] spc-日職》日媒封異次元右腕！防禦率0.17,Baseball
[討論] 所以我喵會選錢還是人+錢？,Baseball
[新聞] 年薪首度破億 清宮幸太郎：會以行動證明,Baseball
[新聞] wcy-鄭宗哲旅美經驗談金句連發　小學弟刁,Baseball
[新聞] mlb》鄭宗哲金句 「不管在哪裡打球，那個地方就是我的大聯盟,Baseball
[新聞] mlb／從小對決林昱珉變麻吉 李灝宇：120%,Baseball
[新聞] milb》李灝宇旅美多年感想 「亞洲人真的,Baseball
[分享] 林岱安ig限動,Baseball
[分享] weare fb：明年開幕週初步賽程規劃,Baseball
[新聞] 中職／2026開幕戰桃猿主場對兄弟 重要日,Baseball
[新聞] spc-日職》萬波中正薪水升至1.95億 提出,Baseball
[分享] 2015年有林志賢的選秀(岱安),Baseball
[新聞] 藍鳥補強再加1？　連5年破20轟塔克現身,Baseball
[分享] 戰力外決定引退、樂天山田遙楓和松井友,Baseball
[新聞] 棒球迷備戰經典賽應援周邊先準備 new er,Baseball
[討論] 喵喵少了林岱安有差嗎？,Baseball
[新聞] 中職》林建宏冬盟初先發 台鋼確定將以先,Baseball
[新聞] wcy-林岱安轉隊富邦？傳去向已定　統一,Baseball
[情報] 黃子鵬轉隊費 樂天選現金,Baseball
[新聞] 黃子鵬fa補償選擇全額轉隊費　樂天：台,Baseball
[新聞] 桃猿放掉黃子鵬選全額轉隊費 可買8.4萬,Baseball
[分享] 綠帽在uncommons的新棒球體驗中心,Baseball
[情報] bo bichette 加入經典賽巴西隊初選名單,Baseball
[live] 2025亞洲冬盟#37  台灣海洋 vs 日職聯隊,Baseball
[新聞] 2026世界盃48隊分組揭曉在即 賈吉加入抽,Baseball
[分享] 中職外野手ops+ 至少200打席,Baseball
[情報] 2025 npb年度再見大獎,Baseball
[分享] 富藍戈:i miss this a lot.,Baseball
[新聞] 大谷翔平遭「詹黑」名嘴挑釁！美國球迷,Baseball
[新聞] 李吳給足勇氣 馬鋼重啟人生,Baseball
[新聞] spc-控訴前媳婦帶1歲兒激戰高三生 南韓12,Baseball
[情報] 軟銀可望簽下古巴游擊手jonathan moreno,Baseball
[新聞] 經典賽》「我的意願當然很強烈」 林昱珉,Baseball
[新聞] wcy-鄭宗哲、陳柏毓皆獲得中華隊徵詢 表態,Baseball
[新聞] 經典賽》「跟大家一起打球是最幸福的事」,Baseball
[分享]清宮幸太郎年薪突破1億日圓,Baseball
[分享] 中村剛也年薪減至7500萬日圓,Baseball
[分享] dave roberts表示不排斥看到mlb薪資上限,Baseball
[新聞] 談學生到職業轉換大關 陳柏毓給建議：要,Baseball
[新聞] 古林睿煬向好朋友伊藤大海學滑球　豐富球,Baseball
[新聞] 「台鋼潛水艇」莊耀翔7局好投無關勝負,Baseball
[新聞] 韓職出價挖角鈴木駿輔　富邦悍將成功續約,Baseball
[新聞] spc-mlb》轉戰西岸求反彈　manoah加盟天使,Baseball
[新聞] mlb》新科韓職mvp加入藍鳥　簽3年9億合約,Baseball
[新聞] mlb》同意交易至紅襪　gray：很高興來到討厭洋基的地方,Baseball
[分享] 郡司裕也 加薪5500萬日圓,Baseball
[情報] dena右投德山壯磨引退,Baseball
[情報] 白襪簽下anthony kay  12m/2y,Baseball
[情報] matt boyd宣布他將參加wbc美國隊,Baseball
[新聞] 最接近經典賽的一次 古林：不能講太多,Baseball
[新聞] 經典賽》先發輪值大換血 旅日雙投牽動布局,Baseball
[新聞] 38歲鎮隊之寶 南韓請出柳賢振,Baseball
[討論] 小葛瑞菲季中閃電退休是不是很震撼,Baseball
[新聞] mlb現役最爛合約!落磯球星「7年56億」排,Baseball
[情報] 道奇簽回miguel rojas 1y/5.5m,Baseball
[新聞] wcy-道奇與二連霸功臣羅哈斯續約　美媒曝,Baseball
[情報] kyle tucker造訪藍鳥訓練設施,Baseball
[情報] cedric mullins 去光芒,Baseball
[新聞] 連3季吞百敗後洛磯傳重大改組！　延攬道,Baseball
[專欄] 熱度比戰力外球員還冷 蘇智傑動向成fa市,Baseball
[分享] 山本由伸投球機制解析,Baseball
[新聞] 日職》安可注意囉！ 古林有話想對你說,Baseball
[新聞] 古林睿煬季後賽表現近乎完美 林岳平神助攻,Baseball
[live] 2025亞洲冬盟#36 日本社會人 vs 台灣海洋,Baseball
[新聞] 曾家輝開局連飆3k後退場 恰總說明原因,Baseball
[新聞] spc-強烈反對大谷、山本打經典賽 美媒,Baseball
[新聞] 申皓瑋表弟松晉頡投打俱佳 鋁棒聯賽率東,Baseball
[新聞] 選擇小市場球隊好處多 美媒點名村上宗隆,Baseball
[新聞] 為光復鄉基層棒球隊給力！球芽基金會攜手業者捐贈國中小3c,Baseball
[新聞] mlb各隊史上「最大投手合約」排行榜：,Baseball
[情報] 金鍾國遭禁賽50場 社會服務80小時,Baseball
[分享] 日職2010年開始逐年聯盟ops/ops破.8人數,Baseball
[新聞] 經典賽(影)／同樣表達強烈參戰意願！林,Baseball
[新聞] spc-自我實施「禁垃圾話」政策！洋基火球,Baseball
[情報] 20251204亞洲冬季棒球聯盟預告先發,Baseball
[新聞] mlb》李灝宇名列老虎第6新秀　在左頃的,Baseball
[分享] 崔炯宇重返三星獅隊 簽約兩年總額26億韓元,Baseball
[分享] 50萬鎂級前旅美球員列表,Baseball
[情報] npb選手會堅決反對一軍採用突破僵局制,Baseball
[分享] 丸佳浩跟巨人隊簽下兩年合約 年薪兩億日圓,Baseball
[新聞] wcy-伊藤大海是「最好的朋友」　古林睿,Baseball
[新聞] 馬鋼有新球隊接觸 兄弟也想簽回,Baseball
[新聞] 冬盟》劉俊緯再見二壘打 台灣山林終止四,Baseball
[新聞] 中職》戰力外「搶手貨」又一人？傳馬鋼吸引複數球隊、兄弟亦,Baseball
[新聞] 日職》澤村賞強投親自傳授「魔球」 古林,Baseball
[新聞] wcy-古林睿煬與新庄監督竟靠ig交流　旅,Baseball
[新聞] 林安可將旅日 古林睿煬期待對決:已討論,Baseball
[分享] 韓職起亞虎前gm終身禁賽 前主帥禁賽50場,Baseball
[情報] 朱柏翰即將去統一獅自培,Baseball
[討論] 所以馬鋼的天花板大概是誰？,Baseball
[分享] 達孝太 明年年薪4200萬,Baseball
[新聞] 日職／旅日夥伴多2人好開心！　古林睿煬,Baseball
[新聞] spc-經典賽》吸取上屆教訓不再太拚命 伊,Baseball
[新聞] 日職》親自指導台灣青棒球員 有一事讓古,Baseball
[新聞] mlb打擊細節引熱議!村上宗隆被比作大谷,Baseball
[新聞] spc-經典賽／道奇含大谷共9人有望參賽,Baseball
[分享] 日職現役選秀修改允許球員可以參加2輪,Baseball
[新聞] 國產發球機可模擬大谷翔平球路　2週後進,Baseball
[新聞] 田子杰冬盟火燙「三冠王」　餅總有注意：,Baseball
[新聞] mlb》願讓出51號球衣給學弟打wbc　李政厚,Baseball
[新聞] 國訓中心發球機下周完成第一階段 可模擬,Baseball
[新聞] occ-wbc》古林睿煬收到經典賽通知：到,Baseball
[新聞] ysf-樂天巨人亞援補強沉寂王維中列名單,Baseball
[新聞] 道奇如何改善打線過度依賴全壘打問題？美,Baseball
[新聞] wcy-明年旅日+2！古林睿煬超開心：嘿嘿,Baseball
[新聞] 古林睿煬眼中的新庄剛志「很嚴肅、非常,Baseball
[分享] 棒球週刊預測12支球隊下週現役選秀名單,Baseball
[新聞] wcy-餅總季後賽驚喜探班又神助攻！古林,Baseball
[新聞] 台、日職棒訓練方式有何不同？ 古林睿煬,Baseball
[新聞] wbc》韓職公布1月塞班島集訓29人　包括3,Baseball
[分享]wbc 韓職29人集訓名單,Baseball
[情報] npb公布今年加速賞得主,Baseball
[新聞] mlb》大谷翔平揚威美國 被編入日本大學英,Baseball
[新聞] 日職／感受台日職棒最大差異 古林睿煬舉,Baseball
[分享] 橫濱dena簽下josé ruiz,Baseball
[情報] 軟銀柳町達完成換約，年薪達到一億円,Baseball
[情報] cody ponce跟藍鳥簽下3年30m約,Baseball
[新聞] wcy-小朋友問「你跟大谷誰較強？」史坦頓,Baseball
[新聞] 王貞治稱大谷翔平當今世界英雄 日本拚第4,Baseball
[新聞] 冬盟》田子杰暫居三冠王 獅外野新希望,Baseball
[新聞] 美媒評mlb十大爛約　達比修有、天使神鱒,Baseball
[新聞] 真「時尚達人」！山本由伸現身湖人球場 一身行頭破千萬,Baseball
[新聞] 林書逸有望換上藍色球衣 悍將球團 ：有,Baseball
[情報] 松山竜平加入oisix新潟天鵝之皇隊,Baseball
[分享] 球評高木豐對季後賽改革的創意看法,Baseball
[新聞] spc-前悍將外野手轉職演員！ 「平鎮校,Baseball
[新聞] 旅台就是神！前富邦悍將洋投瑞恩投回大聯,Baseball
[新聞] 12強奪冠勾起鬥志　周正雄接受「職棒」教,Baseball
[分享]伊藤大海年薪突破3億日圓,Baseball
[新聞] 韓華鷹33勝蒸發！雙王牌龐塞、瑞恩都赴,Baseball
[新聞] 國球喊假的!立委提多數公園、操場禁打棒,Baseball
[新聞] 棒球》兩度來台發展 前龍隊洋投鑀龍轉戰多明尼加冬盟,Baseball
[live] 2025亞洲冬盟#35  日職聯隊 vs 台灣山林,Baseball
[情報] dylan cease最終合約計算 7年184.63m,Baseball
[新聞] 大谷翔平經典賽打擊角色 王貞治：第一棒,Baseball
[新聞] mlb》不會積極網羅今井達也！　巨人「挖,Baseball
[情報] dena可能向西武要求補償外野手或捕手,Baseball
[新聞] 林岱安fa搶人大戰近尾聲？富邦已再提最新,Baseball
[新聞] 中職／悍將不保留名單17人預計簽回9人,Baseball
[新聞] 林倪安偷吃人夫有端倪？以非眷屬身分進,Baseball
[新聞] 羅東運動公園棒球場整修 爭取中職復賽,Baseball
[分享] 菊池涼介與廣島簽下1年合約 年薪1.7億日圓,Baseball
[新聞] 進職業後從未打過國家隊 菊池雄星被問打,Baseball
[分享] 藤平尚真 加薪4000萬日圓,Baseball
[分享] 日本職棒2025 捕手技能數據,Baseball
[分享] sonny gray：可以去討厭洋基的球隊很好,Baseball
[新聞] 林書逸轉戰富邦 喚回最好時光,Baseball
[新聞] 林岱安著眼未來性 新合約心有所屬,Baseball
[新聞] 脆上燒半年 高志綱遭影射婚外情,Baseball
[新聞] 鄭達鴻期待林岱安 10年迎來共振效應,Baseball
[情報] alek manoah 去天使,Baseball
[新聞] wcy-有他差很多！王貞治點名「大谷一棒,Baseball
[情報] ryan weiss跟太空人即將正式簽約,Baseball
[情報] 日本火腿將展開有原航平的網羅調查,Baseball
[live] 2025亞洲冬盟#34 日本社會人 vs 日職聯隊,Baseball
[新聞] ysf-高志綱妻子委請律師發聲明：從未發,Baseball
[新聞] 高志綱傳捲入婚外情 太太聲明澄清爆料帳,Baseball
[新聞] 中職》台鋼補強不間斷 新教練新氣象,Baseball
[新聞] 為何道奇能連霸？塞揚神獸柯蕭讚嘆大谷翔平等球星「每天想,Baseball
[新聞] ubl》大一體操課摔斷腳踝 林誠恩傷後強,Baseball
[分享] 各種救駕！府城嗨賴製造機 驀然回首「前,Baseball
[新聞] ysf 「平鎮校草」張宥鈞離開職棒一年新,Baseball
[新聞] 簡煥宗催生高雄市棒球隊　促打造運動城市,Baseball
[分享] 日本火腿隊：補償人選會在12月決定,Baseball
[討論] 林志祥是不是很可惜?,Baseball
[新聞] 桃猿高層做出新異動！新增財務會計處 ceo,Baseball
[新聞] ubl》和製捕手砲白井雄登敲3分彈　永田條,Baseball
[新聞] 中職／競爭林岱安已開出條件送出　富邦,Baseball
[情報] 20251203亞洲冬季棒球聯盟預告先發,Baseball
[新聞] mlb》韓職mvp傳提早返美　可能與球隊會面,Baseball
[新聞] mlb》前洋基投手williams　將與大都會簽3年約,Baseball
[新聞] spc-mlb》醫療豁免降新低　僅2例禁賽案件,Baseball
"[分享] 樂天金鷲洋投 spencer howard,yajure退團",Baseball
[新聞] 中職》高志綱遭爆與網紅林倪安婚外情 獅隊：若違隊規最重開,Baseball
[新聞] 樂天桃猿新教頭是誰？大塚明傳卡關,Baseball
[新聞] ysf-高志綱遭爆婚外情最新回應 球團了,Baseball
[討論] 郭阜林酒駕續留，林志祥桃色開除？,Baseball
[新聞] 前賽揚右投鮑爾離開橫濱dena　球團坦言,Baseball
[新聞] 林岱安合約細節成關鍵 林書逸也傳好消息,Baseball
[新聞] ysf-統一獅5年長約留林岱安有望本周明朗,Baseball
[新聞] 高志綱遭爆與林倪安有婚外情!盤點統一獅,Baseball
[新聞] 奪少棒冠軍卻無人留萬華升學...硬體成主,Baseball
[新聞] 打臉賴瑞隆的大巨蛋政見？陳其邁：擔心,Baseball
[專欄] 網羅林安可、桑原将志！曾是fa流出大戶,Baseball
[專欄] 跟隨哥哥腳步 顏清浤展望來季：常駐一軍,Baseball
[分享]西川遙輝正式回歸日本火腿,Baseball
[新聞] 瞭解洪總執教風格　曾翊誠讀書「充電」,Baseball
[分享] 樂天桃園新管理層人員異動結果,Baseball
[新聞] 提前離隊前最後一戰 王柏傑投出最佳表現,Baseball
[新聞] 冬盟》田子杰首度開轟 笑稱棒子比較好,Baseball
[新聞] xbx-冬盟》台灣2隊合計先發投滿5局只有,Baseball
[新聞] spc-日職》不只想網羅徐若熙 軟銀鷹傳要,Baseball
[新聞] mlb／今井達也爭奪戰　不願花9位數搶人！,Baseball
[情報] devin williams 加入大都會,Baseball
[新聞] 台鋼雄鷹擴充教練團　簽約曾翊誠、高孝,Baseball
[分享] 愛爾達體育家族: 台鋼宣布3名教練加入,Baseball
[新聞] 職棒前投手許文錚走私口嚼菸！又爆拍臀,Baseball
[討論] 輕輕勾一下就飛很遠的打者?,Baseball
[新聞] 道奇關注韓國球星!要找「蒙西繼承人」不,Baseball
[live] 2025亞洲冬盟#33  台灣海洋 vs 台灣山林,Baseball
[分享] 讀賣巨人隊準備3年20億合約給有原航平,Baseball
[新聞] 山本由伸赴湖人主場觀戰 收穫18號特製球,Baseball
[新聞] 達比修有名列第9爛合約 最差不是rendon,Baseball
[分享]火腿山崎福也對病童立誓打出生涯1號,Baseball
[炸裂] 田子杰,Baseball
[新聞] 高志綱遭爆外遇林倪安！　對話、照片疑曝,Baseball
[新聞] ysf-統一獅高志綱驚傳婚外情！林倪安被,Baseball
[新聞] 統一獅高志綱驚傳外遇女星！爆料揭假裝球眷,Baseball
[新聞] 中職／休賽季過1個月！僅統一底定教練團,Baseball
[分享] 橫濱dena不會跟鮑爾續約,Baseball
[新聞] mlb》事隔3年再為古巴打經典賽？　白襪球,Baseball
[新聞] 年薪想達5億日圓實在太難 徐若熙起步就,Baseball
[討論] 投球姿勢看起來很省力的投手?,Baseball
[分享] 西勇輝 年薪維持三億日圓,Baseball
[分享] 陳偉殷fb,Baseball
[新聞] 味全龍外籍教練團重磅補強 網羅前統一獅,Baseball
[分享] 鍵盤球探 - 胡智爲(上),Baseball
[新聞] 6隊剩猿教頭懸缺 曾豪駒回鍋有影？,Baseball
[新聞] 學成今返台續掌舵 葉總︰讓自己和球隊更好,Baseball
[情報] 東北樂天村林一輝 加薪6700萬日圓,Baseball
[新聞] 獅5年約展現誠意 蘇泰安︰林岱安本週回覆,Baseball
[新聞] 樂天桃猿教頭待定　曾豪駒成可能人選？,Baseball
[新聞] 數據專家分析今井達也 scherzer與castillo,Baseball
[新聞] 經典賽/大谷翔平對決台灣隊「原價票機會,Baseball
[新聞] 龍3土教也不續約 「首席」5年已換5人,Baseball
[分享] 軟銀明年將引進第三台trajekt arc,Baseball
[新聞] 經典賽/大谷翔平效應！門票炒到10萬元,Baseball
[新聞] 中職／風口浪尖誰接猿隊兵符？曾豪駒回歸,Baseball
[新聞] wcy-舒瓦伯太搶手！多支球隊搶簽 大都會,Baseball
[分享] 台鋼雄鷹fb takao感恩心願卡活動,Baseball
[新聞] 「台灣隊長」陳傑憲偶像曝光 大讚人帥球,Baseball
[新聞] ysf-王維中重返韓職？傳樂天巨人列「亞援,Baseball
[新聞] 黑豹旗冠亞軍平鎮、羅工　12月對抗賽迎戰,Baseball
[分享] 2025年第十三屆黑豹旗投手球速,Baseball
[討論] 球員家醜要到什麼程度才會被開除？,Baseball
[情報] 20251202亞洲冬季棒球聯盟預告先發,Baseball
[新聞] 賈吉已是洋基隊史前5？名嘴預測引爆論戰　隊媒評價：0冠是致,Baseball
[新聞] 經典賽／日本派誰投中華隊？傳奇名宿選,Baseball
[新聞] ysf-高國輝感謝各界協助光復重建　率4,Baseball
[分享] 場邊林亭-羅東高工蕭良吉教練專訪,Baseball
[分享] 三星獅以100萬美金簽下洋投matt manning,Baseball
[新聞] 關懷盃林恩敲逆轉3分砲 率東體隊史首度,Baseball
[新聞] 台灣隊風光奪冠一週年 張奕江國豪回憶亮,Baseball
[分享] 廣島隊 森翔平宣布結婚,Baseball
[新聞] spc-mlb》「大谷二刀流曾被說不可能」,Baseball
[分享] 日本5萬名觀眾票選前20大引退球星,Baseball
[新聞] 豪砸重金戰績卻倒數第二　味全龍大刀闊,Baseball
[新聞] mlb／道奇網媒建議金慧成招攬宋成文 韓媒,Baseball
[新聞] 中職》2025悍動希望公益棒球營12/6展開,Baseball
[新聞] 村上宗隆行情飆！預估將拿8年49.6億大約,Baseball
[新聞] 經典賽／好想和大谷同隊！樂天投手藤平尚,Baseball
[新聞] 黃子鵬補償方案本週決定 樂天討論範圍縮,Baseball
[新聞] mlb官網解析佐佐木朗希 新球季重返道奇,Baseball
[問題] wbc購票的問題,Baseball
[新聞] 徐若熙差一點去道奇 龍隊曾認真考慮美職,Baseball
[新聞] 關懷盃》日本球隊暖舉感動花蓮！ 小選手,Baseball
[新聞] 羅運棒球場全面升級倒數 中職明年3月有,Baseball
[討論] 今年中職球團盈虧,Baseball
[分享] 2025 cpbl各隊球季後異動&活動-12/1,Baseball
[新聞] 樂天本週決定黃子鵬補償案！同步評估總,Baseball
[分享] 日職研擬調整高潮季後賽決勝輪的制度,Baseball
[新聞] wbc／門票炒到10萬！大谷參賽引爆黃牛亂,Baseball
[討論] 樂天是不是找不到教練啊,Baseball
[分享] 東北樂天將球場更名為樂天電信最強,Baseball
[新聞] 軟銀總觀眾人數長年獨霸洋聯 徐若熙人氣,Baseball
[新聞] mlb／千賀滉大強烈表態續留大都會 決定權,Baseball
[新聞] 今井達也爭奪戰「御三家」出爐!美媒:道,Baseball
[討論] 林瑋恩根本是土雞界傳奇吧！,Baseball
[新聞] wbc/押山本由伸對決最難纏韓國 和田,Baseball
"[討論] 日本真的""擺脫了昭和思維""嗎?",Baseball
[分享] 樂天桃猿fb 2026推出近距離擊拳席,Baseball
[新聞] occ-tsna董事長林函頴親頒臺灣女棒聯賽m,Baseball
[新聞] 暌違10年後中職重返宜蘭比賽露曙光？ 傳,Baseball
[新聞] 樂天桃猿》黃子鵬轉戰台鋼雄鷹補償若決,Baseball
[情報] 日籍右投宮路悠良加入三星獅,Baseball
[新聞] 王維中未入味全60人名單　傳可能成韓職,Baseball
[情報] 羅德簽下左投jose castillo,Baseball
[新聞] 經典賽／大谷翔平造成球迷瘋狂搶票 預賽,Baseball
[專欄] 旅外投手非鍍金！品質參差不齊 徐基麟,Baseball
[新聞] ysf-徐若熙3億大約旅日象徵台灣棒球快速,Baseball
[分享] 千賀滉大 告知大都會隊希望能夠留下來,Baseball
[新聞] 千賀滉大不想走！明確告知大都會想留下,Baseball
[新聞] 味全龍教練團大地震！多名外籍教練不續,Baseball
[新聞] 羅曼、高須洋介全換掉　味全龍新任外籍,Baseball
[新聞] 味全龍教練團季後調整　首席林瑋恩等3人,Baseball
[新聞] 冬盟》季後賽週六開打 中職球隊爭取史上,Baseball
[新聞] 與劉時豪再度聚首 王躍霖:他很有喜感,Baseball
[新聞] 如何打敗宇宙道奇？小球隊老闆提議設立,Baseball
[新聞] 中職／味全龍新球季教練團改組　3位外籍,Baseball
[新聞] 味全龍》葉君璋可望續任總教練　教練團,Baseball
[新聞] 歐力士太田椋 藉由指導蔣少宏認識自身,Baseball
[新聞] 經典賽動向成焦點　美媒：道奇握有「限,Baseball
[新聞] 洋基史坦布瑞納點出與藍鳥差距　冬季會,Baseball
[新聞] 辜仲諒力挺女棒！承諾「隨時可用洲際球場,Baseball
[討論] 新秀野手餵pa的平衡點怎麼抓?,Baseball
[新聞] 大谷翔平提前卡位wbc扛「日本國旗」重擔,Baseball
[專欄] 王翊亘專欄／自由市場流動活絡　教練團,Baseball
[新聞] 「韓國贏不了台灣」前日本隊投手教練辛辣,Baseball
[新聞] xbx-棒球》進球隊滿1年自動轉正職 合作,Baseball
[新聞] 兄弟1指余謙大復活！ 對日職飆台灣史上,Baseball
[新聞] xbx-台電開放3年條款打職棒但意願還是,Baseball
[討論] 高志綱最近發生什麼事了？,Baseball
[分享] 2013~2025年黑豹旗歷屆個人獎項+最佳十人,Baseball
[分享] 今日亞洲冬盟觀眾人數,Baseball
[新聞] mlb》菅野智之明年續拚大聯盟　想和巨人,Baseball
[分享] 福岡軟銀鷹近兩年先發投手 局數 球數,Baseball
[新聞] 自由市場外野大物續留洋基？道奇補強頭,Baseball
[新聞] 黑豹旗／吳丞顥封王戰奪勝投　學長林維恩,Baseball
[新聞] 冬盟》初登板核炸後罕見主動找上彭政閔,Baseball
[新聞] 冬盟》余謙「值得讚賞」 但彭政閔仍在意2,Baseball
[分享] george kirby 求婚成功,Baseball
[新聞] 冠亞軍平鎮、羅工兩勁旅 12/25起出戰日,Baseball
[情報] 味全龍教練團 將有大幅度異動,Baseball
[新聞] 味全外籍教練團大震盪 全員不續約找大聯盟,Baseball
[討論] 統一獅季後挑戰賽g2 g4是不是很可惜,Baseball
[新聞] 「龍王」返鄉效力？ 台鋼還沒答案,Baseball
[新聞] 冬盟》余謙克服首局爆 喊話明年競爭一軍,Baseball
[新聞] 黑豹旗》羅東高工首闖黑豹旗決賽奪亞軍創,Baseball
[討論] 軟銀花大錢幫臺灣養大聯盟投手？,Baseball
[情報] 中日龍2026教練團陣容公布,Baseball
[分享] 第13屆中信盃黑豹旗  個人＆團體獎項,Baseball
[新聞] 台鋼退出林岱安爭奪戰　不排除再補強60人,Baseball
[分享] 武田翔太分享能成為常勝軍團的條件是甚麼,Baseball
[新聞] 鼓勵女子棒球！辜仲諒阿沙力同意女子棒球,Baseball
[live] 2025亞洲冬盟#32 台灣山林 vs 日職聯隊,Baseball
[新聞] 冬盟》戰力外投手飆台灣最速火球 教練好,Baseball
[新聞] 台灣女子棒球聯賽今熱血封王！辜仲諒霸,Baseball
[新聞] 19萬4175秒！大谷翔平攻佔日本電視廣告,Baseball
[分享] 李大浩 拿下2025年日韓ob戰mvp,Baseball
[討論] 日職新簽洋投年薪五億日幣 算史上少見嗎?,Baseball
[分享] 2013年~2025年黑豹旗全國參賽校歷屆成績,Baseball
[分享] 2013年~2025年黑豹旗歷屆八強參賽校,Baseball
[新聞] wbc》打線歷來最完整 中華隊火力可期,Baseball
[分享] 涌井秀章 減薪2000萬日圓,Baseball
[討論] stewart 當初棄美職選軟銀算是成功的嗎？,Baseball
[新聞] 兄弟應援曲紅到東京大學!日本高材生捕手,Baseball
[新聞] ysf-台鋼雄鷹火速補強！賴智垣、劉時豪,Baseball
[炸裂] 中田翔,Baseball
[新聞] 中職／林智平40歲依然神勇推薦關懷盃療,Baseball
[新聞] ysf-林子偉接到中華隊徵詢！未鬆口經典,Baseball
[新聞] 中職／林子偉收wbc徵詢先觀望 評估自身,Baseball
[新聞] xbx-中職聯隊史上第1次　富邦潘奕誠先發,Baseball
[分享] 今日郭靖源,Baseball
[分享] 第十三屆黑豹旗冠軍：平鎮高中,Baseball
[新聞] 黑豹旗》吳丞顥、伍識均合力壓制 平鎮高,Baseball
[新聞] 棒球／張宥謙來關懷盃 被問「你是陳傑憲,Baseball
[分享] reddit 討論徐若熙拒絕道奇,Baseball
[問題] 日職有不會養投手的球隊嗎？,Baseball
[新聞] 教宗獲贈白襪傳奇球棒 笑問「怎麼通過飛機安檢的」,Baseball
[新聞] spc-經典賽》12強好投宰制台灣！ 阪神王,Baseball
[新聞] 經典賽》林子偉現身關懷盃關心外甥鄧佑安,Baseball
[分享] 山田哲人 年薪維持五億日圓,Baseball
[新聞] 再訪關懷盃想換個形象 拿莫伊漾也是光復,Baseball
[分享] 統一獅ig年度回顧-本壘指揮官,Baseball
[新聞] 中職／跟蔣少宏共同訓練2日 若月健矢想,Baseball
[炸裂] 陽耀勳,Baseball
[情報] 樂天金鷲弓削隼人、小孫龍二現役引退,Baseball
[live] 2025亞洲冬盟#31 台灣海洋 vs 日本社會人,Baseball
[分享] 2004年今天 軟銀正式買下大榮鷹,Baseball
[新聞] 羅東高工棒球隊首闖黑豹旗冠軍戰 學校體,Baseball
[live] 日韓傳奇ob賽   dream players game,Baseball
[live] 2025年黑豹旗冠軍賽 平鎮高中vs羅東高工,Baseball
[新聞] 台鋼雄鷹火速補強 確定網羅1投1捕！,Baseball
[新聞] ysf-陳顥以家被泥淹160公分、珍藏手套被埋　張志強率三民全,Baseball
[討論] 徐若熙當年選秀怎麼掉1-6才被選？,Baseball
[分享] 養樂多以1年60萬美金簽洋投jesus liranzo,Baseball
[新聞] 頭盔貼「你會哭因為我太粗」引爆笑浪　東,Baseball
[新聞] xbx戰力外名單公布2天就簽約劉時豪 劉東,Baseball
[新聞] 赴歐力士秋訓「進化」 伍立辰大開眼界,Baseball
[討論] 小葉明年要交出什麼成績才能保住工作,Baseball
"[分享] 軟銀有原航平 移出保留名單,想再挑戰大",Baseball
[討論] 旅日土投教誰最bang?,Baseball
[情報] 金鶯和ryan helsley簽下兩年約,Baseball
[新聞] 徐若熙選軟銀 關鍵在3年旅美計畫,Baseball
[新聞] 龍之子旅日 林智勝：幫中職高調,Baseball
[討論] 冬盟這麼熱 二軍要認真經營觀眾也行吧,Baseball
[新聞] 古林、徐若熙出身平鎮 共同點自律不躁進,Baseball
[分享] 讀賣巨人隊調查有原航平,Baseball
[新聞] 悍將幫助年輕選手懂吃 王勝偉談41歲完美,Baseball
[新聞] ysf-和味全強肩捕手蔣少宏合練！若月健,Baseball
[新聞] ysf-山本由伸被點名開幕戰投手！羅伯斯,Baseball
[新聞] 中職／軟銀大撒幣爭「台灣至寶」徐若熙,Baseball
[新聞] 軟銀、道奇球探一致給予極高評價　培養徐,Baseball
[新聞]  mlb／許願山本、大谷明年相爭塞揚 道奇,Baseball
[新聞] 徐若熙旅日鷹友會 先鎖定2強投,Baseball
[新聞] 道奇牛棚補強人選又少一人 金鶯開8.79億,Baseball
[新聞] 中職／生涯兩度遭戰力外！賴智垣感謝富邦,Baseball
[新聞] wbc／羅伯茲不想日本三本柱參賽原因曝,Baseball
[新聞] spc-mlb》道奇潛在交易人選？打超爛的道,Baseball
[情報] 20251130亞洲冬季棒球聯盟預告先發,Baseball
[分享] 2025年黑豹旗四強賽戰績+11/30冠軍戰組合,Baseball
[分享] 2025awb亞洲冬盟戰績,Baseball
[分享] 徐若熙 ｜ 家扶少年的逆轉人生,Baseball
[新聞] 中職》連續2年去日本訓練中心學習 林栚呈,Baseball
[新聞] 徐若熙將簽下「億級鉅約」 平鎮學弟嚇到了,Baseball
[新聞] 黑豹旗／即將旅日不忘母校　徐若熙先請,Baseball
[分享] 原棒協關懷盃 - 陳俊秀、張志豪,Baseball
[新聞] spc-mlb》牛棚戰力也要顧　rogers將是搶手貨,Baseball
[新聞] mlb》lindor又與mcneil吵架？　紐媒大做文章,Baseball
[新聞] mlb》受期待新秀表現差　isaac揭露動救命腦部手術,Baseball
[分享] 樂天捕手安田悠馬把登錄名改為yg安田,Baseball
[新聞] 冬盟》職業選手竟然一直輸業餘 韓職教頭,Baseball
[分享] 宋家豪 搭機回國,Baseball
[新聞] mlb》美名嘴又嗆大谷翔平！反遭來賓現場,Baseball
[新聞] 高薪低效!美媒盤點「最糟長約」2日籍球星,Baseball
[分享] 林智勝跟第一次想簽他的mlb球探相見歡!,Baseball
[分享] 軟銀簽徐若熙 5ch反應,Baseball
"[分享] 韓華鷹簽下洋將wilkel hernandez,perlaza",Baseball
[新聞] 黑豹旗/蔡辰瀧手握6球路!目標旅外向「錢,Baseball
[討論] 這樣軟銀會答應若c來參加經典賽嗎？,Baseball
[討論] 大王算是這波中職旅外的開拓者吧,Baseball
[新聞] 王躍霖穿過4隊球衣自嘲棒球大使 不擔心,Baseball
[分享] 菅野智之想參加2026年wbc,Baseball
[新聞] 黑豹旗／羅東高工驚奇逆轉闖冠軍賽！寫,Baseball
[新聞] 徐基麟紀律問題遭戰力外 彭政閔有話要說,Baseball
[新聞] 徐若熙身上有郭泰源的影子！平鎮教頭點出,Baseball
[live] 2025亞洲冬盟#30 韓職聯隊 vs 台灣山林,Baseball
[情報] 柳田悠岐減薪一億/柳町達契約會談未簽,Baseball
[新聞] spc-「日本人軍團」杜拜聯賽霸氣登場 首,Baseball
[問題] 富邦最強中線,Baseball
[新聞] 林桑發來二訪next base意願調查 林栚呈：,Baseball
[新聞] 得知古久保健二被卸任 陳俊秀也感到不捨,Baseball
[新聞] 大都會氣氛球隊：lindor vs mcneil/soto,Baseball
[新聞] 日職》日媒搶先報徐若熙佳「鷹」 味全龍,Baseball
[新聞] 冬盟／韓職聯隊最終台灣表謝意　彭政閔領軍贈禮期待未來台,Baseball
[新聞] 王勝偉41歲續拚中職 瞄準生涯百轟里程碑,Baseball
[新聞] 被小球員問「你跟江坤宇誰強？」 張政禹,Baseball
[分享] 今日亞洲冬盟觀眾人數,Baseball
[新聞] 正式成為中職「最老球員」 陳鏞基：棒球,Baseball
"[分享] 橫濱dena續約 dayan viciedo, marcelino",Baseball
[新聞] ysf- 徐若熙傳旅日　張政禹讚中職「獨一,Baseball
[討論] 合約差這麼多經紀公司要負多少責,Baseball
[新聞] ysf-張政禹接經典賽徵詢！面對激烈競爭平,Baseball
[新聞] 徐若熙、古林睿煬的案例能否提升中職吸引,Baseball
[新聞] 黑豹旗》「每次講完話他都會90度鞠躬」,Baseball
[新聞] ysf-王勝偉談後藤光尊帶兵善溝通、打擊,Baseball
[新聞] 黑豹旗／太興奮就不會累！蔡辰瀧79球,Baseball
[新聞] 可以感受為何「阿公」卸任掀反彈 陳俊秀,Baseball
[新聞] 徐若熙選擇加盟日職 陳鏞基：比去美職好,Baseball
[分享] 東體魯閣,Baseball
[分享] 廣島隊不續約洋投 johan dominguez,Baseball
[新聞] 關懷盃／張志豪之子張庭翊沉穩後援踩煞,Baseball
[情報] 羅東高工晉級黑豹旗冠軍戰,Baseball
[情報] 明日黑豹旗冠軍戰情報(平鎮vs羅工),Baseball
[新聞] 罕見！打冬盟途中遭戰力外 獅151公里火球男：我搞砸了,Baseball
[新聞] 洋基苦求日本球星！盯上村上宗隆　美媒點,Baseball
[live] 2025年黑豹旗11/29四強賽,Baseball
[新聞] 日媒比作名投岸孝之 軟銀還靠地利打動徐,Baseball
[分享] 紐媒： lindor與soto關係冷淡,Baseball
[討論] 大物新秀的選擇,Baseball
[新聞] 關懷盃》「好像世界末日」 鄭米勒‧嘎造、徐梓桓回憶光復鄉,Baseball
[live] 2025亞洲冬盟#29 日職聯隊 vs 台灣海洋,Baseball
[情報] 斗山熊簽下西武戰力外投手田村伊知郎,Baseball
[新聞] 球評觀點／6隊共65人遭戰力外！王翊亘點,Baseball
[新聞] 第1次對戰徐若熙受衝擊 日本隊教頭：全,Baseball
[新聞] 王維中國外維持訓練 沒在保留名單有其他,Baseball
[分享] 堀瑞輝 宣布結婚,Baseball
[live] 廣島東洋鯉魚  傳奇ob賽,Baseball
[新聞] 球評觀點／60人名單外仍不少即戰力好手,Baseball
[新聞] 打倒道奇機會來了？今井達也被看好加盟舊金山巨人,Baseball
[新聞] 前道奇球員評阮棟大爛約：他是全聯盟被誤解最深的人,Baseball
[新聞] spc-mlb》想和衛冕軍道奇搶人？美媒爆馬,Baseball
[新聞] 大谷翔平要退役？英語貼文引誤會嚇壞道奇,Baseball
[情報] 軟銀將正式簽下徐若熙,Baseball
[討論] 古林跟若熙的價值有差那麼多嗎,Baseball
[情報] 王翊亘x：徐若熙合約含激勵獎金總額超過十五億日圓,Baseball
[分享] npb 球員本季年薪排名前25名,Baseball
[新聞] 軟銀端出3年千萬美元超級大約　徐若熙,Baseball
[新聞] 徐若熙12月報佳「鷹」? 被看好投出身價,Baseball
[新聞] 王維中被戰力外 明年月薪至少砍半,Baseball
[新聞] spc-徐若熙旅日年薪暴漲20倍！480萬晉升,Baseball
[新聞] 悍將釋出3捕 高規格向林岱安招手？,Baseball
[新聞] wcy-羅健銘分析徐若熙適合軟銀關鍵　通,Baseball
[分享] 巨人 吉川尚輝出任新任球員會長,Baseball
[新聞] 兄弟釋出5野手 有意簽回2人,Baseball
[分享] 擊敗日本武士隊後，人生大轉變，出門都,Baseball
[新聞] 中職戰力外名單top5！中信兄弟就佔2人,Baseball
[新聞] wcy-大谷出不出賽都不影響！近藤健介渴,Baseball
[新聞] 道奇竟想交易世界大賽功臣格拉斯諾！王牌,Baseball
[問題] 陽建福是不是生錯時代,Baseball
[新聞] wcy-曾仁和退伍「待業」已獲球隊探詢,Baseball
[新聞] wcy-林書逸曾喊「不要去台鋼」　劉東洋,Baseball
[新聞] wcy-台鋼各隊戰力外優先鎖定投手　fa市,Baseball
[情報] 20251129亞洲冬季棒球聯盟預告先發,Baseball
[分享] 巨人:全力支持歐可耶追夢 我們可以支援,Baseball
[新聞] spc-「這樣誰願意當裁判...」 名將鈴木一,Baseball
[分享] 泉口友汰 加薪3700萬日圓,Baseball
[新聞] spc-電子好球帶明年上路！道奇明星鐵捕,Baseball
[新聞] 極力爭取林岱安加入！　雄鷹最終報價考量,Baseball
[分享] 小韻嚴選,Baseball
[新聞] 台鋼雄鷹蒞臨高雄少年觀護所分享棒球經驗,Baseball
[新聞] 黑豹旗》對戰平鎮大魔王 高苑：沒在怕的,Baseball
[分享] kt巫師-fa球員補償選擇韓華鷹 韓丞赫,Baseball
[分享] 宋文華 fb,Baseball
[新聞] 宋柏緯《絕勝》扮陳傑憲 自信99.9％像,Baseball
[新聞] 馬鋼被放在60人保護名單外 但對延續棒球,Baseball
[問題] 沒被放到60人名單 等同自由球員了 對嗎,Baseball
[情報] 日職二軍球團hayate陷入經營危機,Baseball
[分享]  (已贈出) 新庄剛志　スリルライフ,Baseball
[新聞] 中信兄弟吳哲源、林書逸戰力外　中職6隊,Baseball
[新聞] 中職》「王維中還是有一定的能力」 味全,Baseball
[新聞] 中職》兄弟瞄準其他球隊戰力外 補強投手,Baseball
[問題] 041台鋼收嗎,Baseball
[情報] 廣島中村健人現役引退,Baseball
[討論] 沒了龍王跟龍之子，誰扛下一個龍屬性？,Baseball
[新聞] 徐基麟紀律問題影響球隊 兄弟放名單外以示警惕,Baseball
[分享] 2025 cpbl各隊球季後異動&活動-11/28,Baseball
[分享] 今日 田子杰,Baseball
[live] 2025亞洲冬盟#28 韓職聯隊 vs 日本社會人,Baseball
[新聞] 中職／徐基麟財務、生活紀律出狀況！兄,Baseball
[新聞] wcy-兄弟戰力外會再簽回部分球員　徐基麟因「財務與紀律問題,Baseball
[新聞] 中職／6隊非契約保留名單看這裡 悍將放入,Baseball
[新聞] 中職》兄弟20歲小將遭戰力外 彭政閔：他,Baseball
[分享] 2025年黑豹旗11/28八強戰績+11/29四強賽程,Baseball
[新聞] 王維中下一站不設限傳有他隊探詢 味全球,Baseball
[新聞] 兄弟放行接觸其他球隊 徐基麟強調不會離,Baseball
[新聞] 未獲味全龍保留 王維中赴美自主訓練已3週,Baseball
[新聞] 林書逸可能被簽回 南、北部球隊有興趣,Baseball
[新聞] 中職》爭取林岱安 有球隊開出超過5年約,Baseball
[新聞] 「相信獅隊是他的最佳選擇」 統一獅盡全,Baseball
[新聞] ysf-賴智垣遭悍將釋出獲多隊探詢 魏全每,Baseball
[新聞] wcy-江少慶列60人保護名單！球團已洽談,Baseball
[新聞] 少棒冠軍教練嘆制度讓人變「惡龍」 運動,Baseball
[新聞] 大谷翔平參戰wbc　蔡其昌坦言要贏不容易,Baseball
[問題] 冬季聯盟-會有那些周邊商品？,Baseball
[分享] 統一獅官方粉絲團 陳韻文生日快樂,Baseball
[分享] 王翊亘脆:江少慶手肘應該沒什麼問題,Baseball
[新聞] 瑞恩逆輸出直接拿大聯盟約　傳獲太空人青,Baseball
[情報] 巨人與okoye瑠偉合意解約,Baseball
[新聞] 對中國發展棒球樂觀其成　蔡其昌支持球,Baseball
[新聞] 黑豹旗羅東高工闖4強寫隊史紀錄 教頭感,Baseball
[新聞] 黑豹旗》突破u18世界盃強投 台東體中隊史,Baseball
[分享] 今日 張景淯,Baseball
[新聞] 兄弟第1指名許庭綸手掌骨裂 原因很離奇,Baseball
[新聞] wcy-樂天60人名單出爐！曾仁和、蔡鎮宇,Baseball
[新聞] 味全龍60人正式出爐　王維中沒在保留名,Baseball
[情報] 中信兄弟60人保留名單外球員,Baseball
[新聞] 中職》意外！兄弟戰力外赫見旅外投手 僅,Baseball
[分享] 樂天桃猿fb 非契約保留名單,Baseball
[新聞] 悍將釋出7人 昔日牛棚戰將入列,Baseball
[新聞] 悍將公布7人確定不續約 江少慶仍是戰力,Baseball
[分享]田中正義年薪達到1億日圓,Baseball
[分享] 戰力外 松原聖彌決定引退&野村大樹轉捕,Baseball
[新聞] 林益全out、賴鴻誠in！「興農戰士」僅剩,Baseball
[新聞] 江少慶列保留名單 王維中恐被放名單外,Baseball
[新聞] 涉引誘球員賭博 球員工會對經紀公司開鍘,Baseball
[live] 2025亞洲冬盟#27  台灣山林 vs 台灣海洋,Baseball
[情報] ettoday sports threads-台鋼60人,Baseball
[新聞] wcy-悍將釋出3捕更有空間搶林岱安！統一,Baseball
[新聞] 台鋼雄鷹》60人契約保留名單確定！5人,Baseball
[新聞] 未保留涉線上博弈的郭俞延 台鋼領隊：戰,Baseball
[新聞] 黑豹旗》扳倒美和中學！ 羅東高工隊史首,Baseball
[新聞] 日職／宋家豪確定續留樂天金鷲！明年赴日,Baseball
[分享] 統一教練曾浩哲threads,Baseball
[新聞] 預測大谷翔平不會投球 美球評提議守右外,Baseball
[情報] 巨人右投直江大輔決定引退,Baseball
[新聞] 鈴木一朗開砲！球員質疑判決要驅逐出場,Baseball
[新聞] 滿滿的大谷翔平！世界大賽「這一驚人數,Baseball
[新聞] ubl》三個「林ㄔㄥˊ恩」都有好表現 東大,Baseball
[新聞] wcy-「列入評估選項」道奇延續6人先發？,Baseball
[新聞] 中職60人名單今出爐 兄弟戰力外投手夯,Baseball
[新聞] spc-經典賽》大谷翔平二刀流出鞘？大聯,Baseball
[新聞] wcy-藍鳥誓言「擊倒道奇」！美媒：多倫多,Baseball
[新聞] wcy 台鋼已送25人保護名單!樂天7日內決定,Baseball
[分享] mlb各球團現任老闆個人資產排名,Baseball
[新聞] 張庭瑚12強電影《絕勝》演林家正 每天2小,Baseball
[分享] 山下舜平大 減薪600萬日圓,Baseball
[新聞] 台灣ytr開出「全球唯一」大谷翔平神卡！,Baseball
[新聞] 大聯盟球隊有意報價！徐若熙傾向加盟軟,Baseball
[新聞] wcy-大谷翔平背負7億合約壓力　美專家預,Baseball
[新聞] 徐若熙下一站情歸何處？美職若想競價　要,Baseball
[live] 2025年黑豹旗11/28八強賽@新莊球場,Baseball
[情報] 宋家豪完成續約,Baseball
[分享] 讀賣巨人歷年fa簽約,Baseball
[新聞] 中國cpb聯賽 取消各隊「台港澳球員至少10,Baseball
[新聞] 17人未在保留名單 賴智垣、姚冠瑋等7人確,Baseball
[新聞] occ-大谷翔平笑點好低！ 線上記者會誤按,Baseball
[新聞] u15冠軍國手有夠會打 曾乙喆打擊「有大,Baseball
[新聞] 莊昕諺不在牛棚！竟跑來演12強電影笑喊「,Baseball
[分享] 2025年黑豹旗11/27八強戰績+11/28賽程,Baseball
[新聞] mlb》想完成200轟200盜再退休　37歲凡姆,Baseball
[分享] 石垣元氣正式加盟羅德 簽約金1億、背號18,Baseball
[新聞] 冬盟》兄弟旅日右投核爆！罕見暴投連發寫,Baseball
[新聞] 收到黃子鵬fa轉隊台鋼保護名單　樂天收集各部門教練意見再決,Baseball
[情報] 20251128亞洲冬季棒球聯盟預告先發,Baseball
[分享] 蔡其昌會長：與旅外球員們餐聚,Baseball
[分享] 田宮裕涼 加薪2000萬日圓,Baseball
[新聞] 冬盟》戲劇性！張祐嘉9下2出局再見安 避,Baseball
[分享] 佐佐木泰 宣布結婚,Baseball
[新聞] spc-12強電影《絕勝》演員卡司曝光！網,Baseball
[新聞] 神預言!胡智強《絕勝》演陳柏清 兩人是「,Baseball
[情報] 西川遙輝回歸日本火腿,Baseball
[討論] 台灣有人開到大谷翔平1/1 手套簽名卡,Baseball
[分享] 斗山熊洋砲的 sos:我想留在kbo打球,Baseball
[新聞] ysf-不等美職開價了！徐若熙傳將加盟福,Baseball
[新聞] 12強電影《絕勝》公布球員卡司!宋柏緯花2,Baseball
[新聞] wcy-徐翔聖等兵單抽空探望母校　資格賽,Baseball
[討論] 道奇市值有可能超越洋基嗎,Baseball
[新聞] 棒球》曾是兄弟象迷聖地　張泰山協助打,Baseball
[新聞] 李灝宇遇多次頭部觸身球笑稱要練泰拳 內,Baseball
[新聞] 莊陳仲敖獲徵詢想拚wbc 場外繪畫天分也令,Baseball
[新聞] 李灝宇談對戰大聯盟投手 笑稱把老牌左投,Baseball
[新聞] 道奇鎖定「12強韓國隊長」！對金慧成沒,Baseball
[分享] wbc 2026 東京預賽 購票情報追加,Baseball
[新聞] 嘉義民和國中棒球隊車禍後復健　中職名將,Baseball
[新聞] 12強電影《絕勝》卡司曝光　他演「台灣,Baseball
[live] 2025亞洲冬盟#26 日本社會人 vs 台灣山林,Baseball
[新聞] 聯盟明公告各隊60人契約保留名單 傳味全,Baseball
[新聞] 高苑對平鎮1勝5敗落居下風 唯一1勝靠李吳,Baseball
[新聞] 黑豹旗》4強對決「大魔王」平鎮 高苑教頭,Baseball
[新聞] 黑豹旗》u15冠軍「珍貴左腕」 平鎮高中啟,Baseball
[分享] 孫正義:20年來沒拿10個冠軍是有點遺憾,Baseball
[情報] 松本剛透露了新庄監督line給他的祝福,Baseball
[新聞] 經典賽／李灝宇超想打中華隊 進40人名單,Baseball
[新聞] wcy-王維中傳自請戰力外？丁仲緯：沒有,Baseball
[live] 2025亞洲冬盟#25  日職聯隊 vs 韓職聯隊,Baseball
[分享]松本剛fa補償再議 火腿過往選人補償僅3次,Baseball
[新聞] 「沒有意外就回來打！」李灝宇、莊陳仲敖,Baseball
[新聞] 睡夢中被叫醒!李灝宇曝進老虎40人名單心,Baseball
[討論] 慶維文仁四大旅外倫海龜怎麼排倫度？,Baseball
[討論] wbc風向是ibb大谷還是正面對決？,Baseball
[分享] 廣陵高校霸凌案 加害者被警方函送法辦,Baseball
[新聞] wcy-沙子宸證實獲wbc徵詢　盼披國家隊戰,Baseball
[分享] 辰己涼介今年主題 平凡就是奇蹟,Baseball
[新聞] 快新聞／球迷注意！wbc明年三月開打　國,Baseball
[新聞] 莊陳仲敖喊話想打經典賽！　但坦言與40,Baseball
[新聞] mlb／「找到自己的滑球」莊陳仲敖期許健,Baseball
[情報] 李承燁確定出任讀賣巨人一軍打擊教練,Baseball
[新聞] 王維中還有機會續披龍袍？　味全與經紀,Baseball
[問題] 李晨薰是不是也差不多要回來了...？,Baseball
"[分享] 戰力外又被簽回,柴田大地:死者蘇生回報",Baseball
[討論] 旅外都在逃離味全！？,Baseball
[新聞] 中國cpb選秀 林益全免參加,Baseball
[情報] dylan cease去藍鳥 7年210m,Baseball
[新聞] 7年78億災難級爛約迎終點　美媒曝天使、,Baseball
[新聞] 佐藤輝明成新科mvp!最快明年挑戰大聯盟,Baseball
[新聞] 12強被台灣打爆後衰一整年！戶鄉翔征遭,Baseball
[新聞] 世界大賽憾負道奇　藍鳥豪砸7年65.6億簽,Baseball
[分享] espn制服組民調：預測自由球員跟交易走向,Baseball
[新聞] 連16年無冠！洋基老闆盼2026薪資下降,Baseball
[新聞] 李洋留不住了！中國棒球聯賽5隊總教練,Baseball
[live] 2025年黑豹旗11/27八強賽  @新莊球場,Baseball
[新聞] 美專家給徐若熙好評「簽他當先發」　自,Baseball
[分享] 樂天桃猿冠軍路跑,Baseball
[情報] 今井達也 12月1號赴美與球隊會面,Baseball
[新聞] 想擊敗道奇！今井達也12月赴美與多支球,Baseball
[新聞] 王維中自請戰力外　宋文華也不在60人名單,Baseball
[分享] 巨人大勢加薪翻倍:破億不算多像c羅那樣,Baseball
[新聞] mlb／身心俱疲的前教士教頭回來了 轉戰,Baseball
[討論] 宋文華是最大的旅外薪水小偷嗎?,Baseball
[討論] 期待wbc中華隊對決大谷或山本由伸,Baseball
[新聞] 日職／轉先發第2年奪12勝　莫伊尼洛成近8,Baseball
[討論] 徐若熙身價比古林高很多是因為軟銀看上?,Baseball
[新聞] 嚴格的自律！52歲鈴木一朗腿拉傷無法示範,Baseball
自刪,Baseball
[情報] wbc 日本武士隊 集訓&練習比賽 行程出爐,Baseball
[分享] 平良海馬 加薪一億日圓,Baseball
[新聞] espn解析日職3星薪資行情：今井達也高達,Baseball
[分享] 起亞虎以總額200萬美金續約 james naile,Baseball
[分享] 陳睦衡 與歐力士隊完成續約,Baseball
[新聞] 今日壽星／曾豪駒46歲生日快樂！帶領中華隊奪下世界12強冠軍,Baseball
[討論] 沒買到wbc轉播權 開始買網軍洗？,Baseball
[情報] kia挑選斗山亞錦國手洪玟奎作為補償,Baseball
[分享] george altman從黑人聯盟到日本的旅程,Baseball
[情報] anthony rendon正在討論買斷並預期會退休,Baseball
[新聞] 王維中高機率戰力外 難逃大減薪,Baseball
[新聞] 林岱安投入fa 下週決定去處,Baseball
[情報] 阪神爭取藍鳥釋出左投easton lucas,Baseball
[新聞] 60人名單將揭曉 江少慶、王維中命運未卜,Baseball
[新聞] spc-莊司宏太、西川史礁分別奪下兩聯盟新,Baseball
[新聞] xbx-不只簽約林安可 西武獅也報價給台電,Baseball
[新聞] mlb／韓國巨星姜正浩拚復出！傳道奇有興趣,Baseball
[新聞] xbx-因為台灣隊長陳傑憲 台電開放正職選,Baseball
[分享] 中信盃黑豹旗 - 安打轟出去，珍奶喝起來,Baseball
[新聞] xbx-王宇傑進台電4年球速多13公里　日,Baseball
[情報] 前田健太 ig證實廣島沒有跟他接觸,Baseball
[新聞] 阿公卸任照揹樂天桃猿背包！前子弟赴日訓練「古久保特別關注,Baseball
[新聞] 淫教練松志彬性侵41童判464年　家屬失望,Baseball
[新聞] 海盜賽揚王牌賺翻！獎金比年薪多4倍 創史上新高,Baseball
[分享] 2025年黑豹旗8強/4強/冠軍戰 11/27起開打,Baseball
[新聞] occ 日職》前田健太要為樂天奉獻出一切,Baseball
[情報] 日職2025年mvp:佐藤輝明.モイネロ,Baseball
[新聞] 冬盟》陽柏翔誓言突破「不只用腳程定義,Baseball
[新聞] spc-日職》今年表現低迷遭減薪6千萬 戶鄉翔征誓言,Baseball
[分享] 如何對付大谷翔平? 蔡會長:問鄉民,Baseball
[新聞] 2025屏東盃曾紀恩全國棒球錦標賽開打 全國96支隊伍同場競技,Baseball
[新聞] spc-球迷「轉讓門票」遭檢舉賣黃牛！,Baseball
[情報] 20251127亞洲冬季棒球聯盟預告先發,Baseball
[分享] kt洋投enmanuel de jesus不續約,Baseball
[炸裂] 林威漢,Baseball
[live] 2025 npb 日本職棒頒獎典禮,Baseball
[哇靠] 林口遇到恰哥,Baseball
[新聞] spc-日職》雙喜臨門！繳生涯年的砂川理,Baseball
[新聞] 經典賽》大谷翔平有望二刀流！親曝「計畫,Baseball
[新聞] 「不要講什麼統戰不統戰」台灣棒球人發聲,Baseball
[新聞] occ-cpb》中國棒球城市聯賽總教練確定！,Baseball
"[分享] 林安可和桑原將加入競爭,西武岸:只能更拼了",Baseball
[新聞] 中國cpb選秀葫蘆裡賣什麼藥?帶你一次搞懂,Baseball
[新聞] spc-日職／成績爛遭砍薪6000萬！戶鄉翔征,Baseball
[情報] npb 2025年度最優秀新人賞,Baseball
[新聞] 中職》一軍出賽63場後再戰冬盟 顏郁軒自,Baseball
[新聞] npb 2025年度最優秀選手賞,Baseball
[討論] 台灣不能也不敢做的“國家隊品牌化”,Baseball
[新聞] 禁藥年代主席進名人堂 a-rod感受到棒球,Baseball
[live] 2025亞洲冬盟#24 日職聯隊 vs 日本社會人,Baseball
[新聞] 李洋首次立院備詢 體育班、基層教練問題,Baseball
[新聞] 前富邦王詩聰報名中國城市棒球聯賽選秀上,Baseball
[新聞] 獨家／cpb選秀吸逾10國600選手參加 前,Baseball
[新聞] 大谷翔平建議年輕球員健康最重要 但也要,Baseball
[新聞] 今井達也「抗道奇說」成焦點！美媒提供,Baseball
[新聞] 突破大牆不是夢！大谷翔平弱點曝光　台,Baseball
[新聞] wcy 武藏府中徐生明銅像前致意 贈布條惹,Baseball
[新聞] 日職／渡邊久信分析林安可「像吉田正尚,Baseball
[新聞] 中國棒球搞統戰？曹錦輝、林益全傳西進,Baseball
[live] 2025 npb 日本職棒二軍頒獎典禮,Baseball
[新聞] ysf-大谷參戰wbc災難級消息！韓媒嘆「難,Baseball
[新聞] occ-日職》渡邊久信解析林安可！有長打,Baseball
[新聞] 徐若熙入列大聯盟自由球員排行　美媒讚「,Baseball
[新聞] 曹錦輝、林益全傳赴中國打球　李洋：持,Baseball
[live] 2025亞洲冬盟#23  台灣海洋 vs 韓職聯隊,Baseball
[情報] 王翊亘x：中信兄弟完全沒有接觸古久保,Baseball
[新聞] 被問「怎麼贏大谷翔平」？ 李洋：運動部,Baseball
[新聞] 大谷翔平自曝沒關注日職 wbc成檢視日本,Baseball
[新聞] 大谷翔平目標衛冕明年經典賽！將再締造個,Baseball
[新聞] 中國cpb聯賽今選秀 前富邦悍將外野手第2,Baseball
[新聞] 也是紅色戰袍? 古久保有機會回鍋中職,Baseball
[新聞] 如果大谷wbc能投 恰恰：破解橫掃球,Baseball
[新聞] 大谷翔平「短板」在這裡！　中華隊可拚奇,Baseball
[新聞] 大谷宣布經典賽參戰 韓媒震撼豎白旗,Baseball
[新聞] 東北達比修 蛻變成世界的大谷,Baseball
[新聞] 冬盟》兄弟投捕當機 台灣山林6連敗,Baseball
[新聞] spc-丟臉丟到國外？樂天記者會讓媒體盤坐,Baseball
[分享] 前田健太 與樂天金鷲隊達成加盟共識,Baseball
[新聞] wcy-大谷翔平報到時程未定　親揭願打wbc,Baseball
[分享] 大谷翔平 11/26 qa翻譯,Baseball
[新聞] wcy-大谷翔平感觸深「今年才像真正完成,Baseball
[新聞] 大谷翔平的「弱點」曝光！中華隊有奇兵,Baseball
[分享] 藍鳥隊釋出easton lucas 將與海外球隊簽約,Baseball
[分享] 黃金投手大谷像開賣、售價5500萬日圓,Baseball
[專欄] tzu-味全龍想換教頭有困難 唯有外教才能,Baseball
[新聞] spc-緯來恐無緣轉播明年wbc 主播張立群發,Baseball
[新聞] 經典賽／大谷翔平保留雙刀參戰可能：準,Baseball
[新聞] 冠軍教頭有行情　古久保健二有機會續留中,Baseball
[新聞] mlb／教士觸身球踩紅線不再致意？大谷翔,Baseball
[新聞] 國體大一先發雷皓博台東處女秀即奪勝,Baseball
[情報] 20251126亞洲冬季棒球聯盟預告先發,Baseball
[討論] 古久保健二3q文一發出後的媒體新聞標題..,Baseball
[討論] 洋基歷史上前3強打者,Baseball
[問題] 這甚麼鬼?daily meme短影音,Baseball
[分享] 日本火腿隊以育成合約簽回左投 福田俊,Baseball
[新聞] 冬盟》陳睦衡「同梯」隊友宮國凌空 好投,Baseball
[新聞] 冬盟》遭罕見「2分打點高飛犧牲打」重創,Baseball
[分享] 中日岡林勇希榮獲最佳九人，本季全勤,Baseball
[分享] 歐力士猛牛球迷感謝日母湯變裝大對決,Baseball
[新聞] mlb》今永昇太回小熊再待一年　投教秒傳g,Baseball
[新聞] spc-簽台灣重砲林安可後再補強！西武網,Baseball
[分享] 選手親揭「九個守備位置」的辛酸血淚史,Baseball
"[分享] 三星獅續約洋將 lewin diaz, ariel jurado",Baseball
[新聞] 經典賽再度從不被看好出發 中華隊拚隊史最佳,Baseball
[新聞] 中國棒球聯賽今選秀有無台將成焦點 上海,Baseball
[情報] sonny gray被交易到紅襪,Baseball
[分享] dena學長們對後輩的逆耳忠言,Baseball
[情報] 巨人田中瑛斗、理查各自宣布結婚,Baseball
[分享] 經查來源爭議過大 請版主刪文,Baseball
[新聞] 開出不錯合約等待林岱安　統一獅明年春,Baseball
[新聞] 棒球》隊徽不是象是龍！中國cpb第5隊定名「上海正大龍」,Baseball
[情報] vamos 狗吠火車 臉書,Baseball
[新聞] 林泓育、涂壯勳共6人赴東京訓練　未來,Baseball
[新聞] 球星太多也頭痛？道奇恐10多名球星參加經典賽　洛媒憂三連霸,Baseball
[專欄] 給自己到25歲 顏郁軒的勵志棒球路,Baseball
[分享] 火腿山縣秀  年薪翻倍,Baseball
[新聞] spc- milb》獲選小熊農場最佳球員！台,Baseball
[新聞] 東園「小万波中正」2安打1打點 10比3勝,Baseball
[新聞] 虧損也要支持體育！緯來電視網董事長李鐘,Baseball
[分享] 大谷翔平硬舉265公斤3下,Baseball
[分享] 樂天桃猿fb thank you古久保健二,Baseball
[新聞] 從兄弟到台鋼！路易士看洋將30年變化：,Baseball
[新聞] 中職／歷時384小時…樂天貼文感謝古久保健二打造幸福桃猿,Baseball
[新聞] ysf-等了16天終於補發！樂天桃猿發布古,Baseball
[討論] 為何有人開始嫌棄洋基窮酸? 明明錢花不少,Baseball
[新聞] 樂天桃猿二軍宿舍議題 球員工會強調：「,Baseball
[分享] kt巫師隊 宣布簽下金賢洙、崔元準,Baseball
[新聞] 台鋼雄鷹》順利簽下黃子鵬後 對林岱安有,Baseball
[新聞] 教練期望長打發揮 王念好關鍵二壘打助台,Baseball
[新聞] xbx-台灣史上首次完封日本社會人 林振賢,Baseball
[新聞] 經典賽／「打造讓日本球迷興奮的球隊」,Baseball
[新聞] spc-經典賽》大谷翔平參戰！火腿王牌很開,Baseball
[情報] 2025日職年度最佳九人(best nine),Baseball
[分享] 桑原將志去西武 樂天球場要縮牆,Baseball
[新聞] 獨家／不是上海兄弟象　中國cpb第五隊是,Baseball
[新聞] 黃子鵬fa轉隊!樂天桃猿尚未收到台鋼雄鷹,Baseball
[情報] 自由球員桑原將志決定加入西武,Baseball
[新聞] 經典賽(影)／道奇恐怕不會讓大谷翔平「二,Baseball
[新聞] spc-尷尬了！曾宣傳會轉播所有場次 愛爾,Baseball
[新聞] 經典賽》大谷翔平宣布參戰 日本最大利多,Baseball
[新聞] 平野惠一參加talk show跟麻吉糸井嘉男尬,Baseball
[分享] 歷屆wbc台灣轉播單位,Baseball
[新聞] ysf-統一獅搶留林岱安 領隊曝幾乎每天,Baseball
[新聞] 中職／被騙？花18000買林立實戰球衣收到,Baseball
[live] 2025亞洲冬盟#22 日職聯隊 vs 台灣山林,Baseball
[分享] 球員工會 關於樂天二軍,Baseball
[情報] 愛爾達關於2026 wbc mlb 轉播授權公告,Baseball
[討論] 大家比較想看台灣ibb大谷還是對決,Baseball
[新聞] spc-經典賽》首戰對決台灣！大谷翔平宣,Baseball
[創作] 吱乙己,Baseball
[新聞] 冬盟》有心！日本少棒隊徐生明盃空檔看冬,Baseball
[新聞] 經典賽／感謝大谷翔平加入 井端弘和：會,Baseball
[新聞] 經典賽／大谷翔平攜幾刀參賽？日媒曝：,Baseball
[新聞] 沒有緯來！明年經典賽台灣區轉播單位曝,Baseball
[新聞] 台美混血long棒打3a 名列小熊前10新秀,Baseball
[情報] 西武是澤涼輔打消引退念頭，繼續育成,Baseball
[新聞] ysf-太扯！大谷全壘打球沒認證　賣家靠「,Baseball
[討論] 這次wbc賽程最有利的是不是澳洲,Baseball
[新聞] ysf-凃壯勳、林泓育領軍！鷹、猿捕手東,Baseball
[新聞] mlb》大都會gm稱上季已不夠好 不能維持,Baseball
[新聞] wbc》大谷翔平宣布參戰 韓媒：對韓國隊,Baseball
[手遊] mlb pro spirit 日台傳奇池 郭泓志登場,Baseball
[新聞] 中職》林吳晉瑋進兄弟5年專練捕手 農場主,Baseball
[新聞] spc-經典賽》大谷參戰拚衛冕組最強日本,Baseball
[新聞] wcy-完全無法比！村上宗隆曝與大谷初見,Baseball
[新聞] 中華隊經典賽名單高度保密　曾豪駒不鬆,Baseball
[新聞] ysf-樂天高層履歷曝光！葛城崇掌管亞太,Baseball
[新聞] ysf-樂天開「滅火記者會」卻越燒越旺？,Baseball
[分享] 芝加哥小熊ig,Baseball
[新聞] 比起加入道奇更想打敗道奇 今井達也：想看,Baseball
[情報] 田中将大明年年薪一億日幣減薪6000萬,Baseball
[live] 2025亞洲冬盟#21 台灣海洋 vs 日本社會人,Baseball
[分享] 林岱安ig限動,Baseball
[情報] 羅德 橫山陸人背號更換為15號,Baseball
[分享] 2025年日本各縣縣民star榮譽榜,Baseball
[新聞] 經典賽／大谷翔平確定參賽！引日網大轟動,Baseball
[分享] 洋基老闆：擔憂道奇已和其他球隊拉開差距,Baseball
[新聞] 大巨蛋熱潮  亞洲新媒體高峰會業聚焦「球,Baseball
[情報] wbc 多明尼加隊將跟老虎隊進行熱身賽,Baseball
[新聞] mlb／洛磯代理主帥謝弗轉正！上賽季吞119,Baseball
[新聞] spc-經典賽》力拚衛冕！大谷翔平宣布參戰,Baseball
[新聞] 大谷翔平宣布再披日本隊戰袍 跟中華隊唯,Baseball
[新聞] spc-洋基隊年營收220億台幣！老闆卻說,Baseball
[分享] 松本剛去巨人,Baseball
[情報] salvador perez將擔任wbc委內瑞拉隊長,Baseball
[分享] 今井對加入已有日本球員球隊興趣不大,Baseball
[新聞] 冷眼集》樂天支票才開出 就要掌聲好荒謬,Baseball
[分享] 今井達也：想打敗道奇這樣的奪冠熱門,Baseball
[新聞] 不捨黃子鵬轉隊 曾豪駒：呈現台灣職棒進步,Baseball
[新聞] 特稿／樂天集團終於認知桃猿已事態嚴重,Baseball
[新聞] 強調團隊薪資已破3億美元 洋基老闆稱預設,Baseball
[分享] 洋基老闆：支持有下限的薪資上限,Baseball
[新聞] 道奇應改變補強方向？美媒建議去搶紅襪球,Baseball
[討論] 大谷ig宣布出戰wbc,Baseball
[新聞] 經典賽/確定了!大谷翔平宣布參戰wbc 3月,Baseball
[新聞] 台鋼雄鷹誰會入選wbc?洪總曝曾總私下會,Baseball
[討論] 季後賽期間的牧野裝的很好吧,Baseball
[新聞] 徐若熙明確表態 征戰明年wbc「意願很高,Baseball
[新聞] 村上宗隆自曝低潮是因為大谷翔平！太想追,Baseball
[新聞] 森井誠之是什麼人？經營職業運動有經驗,Baseball
[新聞] 回味12強冠軍 台灣健兒一輩子難忘,Baseball
[分享] 前西武gm：徐若熙健康就有望雙位數勝投,Baseball
[分享] 野球名人房-洪總簡單聊台鋼新基地,Baseball
[討論] 職業球團無法自己辦記者會嗎？,Baseball
[新聞] spc-新新金被爆「收購樂天桃猿隊！」傳,Baseball
[分享] cody ponce獲得韓職年度mvp 安賢民新人王,Baseball
"[分享] 12強選手冠軍成員 24,25年例賽成績",Baseball
[情報] 西武以育成約簽回左投佐佐木健,Baseball
[分享] 蔡其昌會長threads,Baseball
[新聞] spc-mlb(影)／世界大賽g7最狂父與子！兩,Baseball
[分享] 筒香嘉智 年薪維持三億日圓,Baseball
[分享] 緯來體育台fb:中職休賽季王者換人當,Baseball
[情報] 近藤健介可望接任日本職棒選手會會長,Baseball
[新聞] mlb》尼莫放棄不可交易條款游向德州　外,Baseball
[分享] 前kt巫師洋投 wes benjamin被教士隊釋出,Baseball
[新聞] occ-棒球》nike臺灣青棒菁英訓練營12月,Baseball
[新聞] wbc》邀請旅美球員「有點複雜」  蔡其昌,Baseball
[分享] 歷史上的今天-p12冠軍接機黃巾之亂,Baseball
[新聞] 樂天桃猿員工獎金、旅遊超寒酸！ ceo承,Baseball
[討論] 各位覺得樂天明年球季改過向善機會高嗎?,Baseball
[新聞] 古久保健二遭樂天桃猿「換帥」成懸案,Baseball
[新聞] ysf-韓華中文歡迎！王彥程橘領帶現身大田,Baseball
[新聞] 台灣12強奪冠一周年 戶鄉翔征大器受訪：,Baseball
[新聞] 中職》川田喜則到牧野幸輝樂天反應慢半拍,Baseball
[新聞] 林智勝連3年辦公益高球賽 募款近740萬台幣,Baseball
[討論] 樂天不賣的理由是什麼？,Baseball
[新聞] 12強賽紀錄片《冠軍之路》 明年1月1日上映,Baseball
[新聞] 樂天記者會超盛大!新帥、新宿舍卻沒定案,Baseball
[新聞] 樂天負面風波連環爆 森井代理ceo挑戰重重,Baseball
[新聞] 中職／目睹二軍宿舍驚「立刻搬家」　樂,Baseball
[新聞] 樂天桃猿記者會完整q&a看這裡！新教頭,Baseball
[分享] 劉彥池threads: 一場還沒開就注定失敗的記者會,Baseball
[新聞] 楊大正操刀12強《冠軍之路》主題曲！不,Baseball
[討論] 下次樂天「正式」記者會會有多少記者去,Baseball
[分享] 帕菲克—興農男神粉絲見面會,Baseball
[情報] 20251125亞洲冬季棒球聯盟預告先發,Baseball
[新聞] 採訪前線／沒有頂級quality只有悲劇 樂,Baseball
[討論] 其實還是賣掉換本土經營比較合適？,Baseball
[問題] 樂天故意選今天開記者會嗎？,Baseball
[新聞] 超創新格局記者會 樂天桃猿：完全沒有賣,Baseball
[新聞] 樂天桃猿高層否認轉賣球隊傳聞！葛城崇：完全沒有這種想法,Baseball
[討論] 蘇智傑砍薪回統一機率有多高？,Baseball
[討論] 把球員放60人名單外當合約跳脫權可行嗎,Baseball
[討論] 樂天特地用聯盟場地的意義是什麼,Baseball
[新聞] ysf-樂天承諾改善「二軍地獄宿舍」！挑出,Baseball
[新聞] 中職／樂天桃猿獎金超小氣？森井誠之澄,Baseball
[新聞] 中職／認撤換古久保健二處理不夠完善 桃,Baseball
[新聞] 具體奪冠獎金不能說 森井誠之：保證會讓,Baseball
[新聞] 樂天桃猿新任ceo真實身分曝！牧野為何卸,Baseball
[討論] 今年真 ‧ 季後賽就是樂天碾壓了吧,Baseball
[新聞] 樂天桃猿記者會一片混亂！爆滿媒體席地而,Baseball
[情報] 羅德簽下前皇家左投sam long,Baseball
[討論] 認真說是個男人就該為夢想奮鬥對吧？,Baseball
[live] 2025亞洲冬盟#20 日職聯隊 vs 韓職聯隊,Baseball
[新聞] 中職／高層來台滅火食安風暴！樂天桃猿,Baseball
[分享] cpbl fb-一年前的今天，team taiwan 撐起了全場的心跳。,Baseball
[分享] 歐力士猛牛2026賽季新球衣,Baseball
[新聞] ysf-朱育賢說沒接到經典賽徵詢！曾豪駒,Baseball
[live] 樂天桃猿記者會,Baseball
[分享] 劉彥池記者threads:樂天記者會禁止直播,Baseball
[情報] 樂天桃猿任命森井誠之暫代執行長,Baseball
[分享] 舊金山巨人加入今井達也爭奪戰,Baseball
[分享] 田中幹也下季加薪1750萬/分享去年結婚,Baseball
[新聞] 中職／桃猿裝神秘記者會 宣布森井誠之擔,Baseball
[新聞] ysf快訊／樂天桃猿發布高層人事異動：森井誠之暫代桃猿隊執,Baseball
[新聞] 樂天桃猿打響聯盟新公室第一仗 4、50家媒,Baseball
[新聞] 快訊／樂天球團重磅宣布　東北金鷲隊社長,Baseball
[新聞] ysf-桃猿風暴後高層親自來台！蔡其昌曝50,Baseball
[新聞] 中職／桃猿食宿風暴提改善計畫 二軍宿舍,Baseball
[分享] 樂天代理執行長關於一些問題的改善回答,Baseball
[討論] 開除總仔跟換執行長哪個要開記者會？,Baseball
[問題] 樂天是怎麼搞成這步田地的??,Baseball
[新聞] 樂天總教練面試中！新執行長森井誠之:日,Baseball
[新聞] 牧野幸輝下台！在位206天成樂天桃猿最短,Baseball
[新聞] 今井達也投球水準「接近山本由伸」？美媒,Baseball
[新聞] 12強奪冠周年！蔡其昌遭嗆活在過去　反,Baseball
[live] 2025亞洲冬盟#19 日本社會人 vs 台灣山林,Baseball
[討論] 統一教練約的公定價是多少,Baseball
[分享] wbsc 重播 p12 final taiwan vs japan,Baseball
[新聞] 韓國至寶宋成文挑戰mlb！美媒讚比金慧成更強,Baseball
[分享] wbsc官方正在重播冠軍戰 台灣vs日本(英),Baseball
[新聞] 又被酸蹭棒球！蔡其昌不忍了　發文開嗆：,Baseball
[分享] paul skenes歷史第二年輕全票賽揚,Baseball
[討論] 徐若熙下季 日職/美職/續留中職 哪個好？,Baseball
[新聞] 樂天桃猿記者會前先拜會聯盟！傳要轉賣,Baseball
[新聞] 中職／桃猿整季不斷出包球迷狂留言　傳執,Baseball
[新聞] ysf-樂天突召記者會　曾豪駒也「看新聞,Baseball
[新聞] 中職／未聽說樂天要轉賣 蔡其昌初步了解,Baseball
[新聞] ysf-12強奪冠紀錄片將上映！滅火器獻唱,Baseball
[新聞] 【日職】新庄監督頒布「二軍不可染髮」,Baseball
[新聞] 中職／不捨但祝福黃子鵬 曾豪駒談wbc集,Baseball
[新聞] 中職》黃子鵬轉隊台鋼雄鷹 曾豪駒：很不,Baseball
[情報] 西武栗山巧決定2026季後引退,Baseball
[新聞] 談林安可旅日 撈哥：要狠一點,Baseball
[新聞] 年度營收破5億 龍居然還虧錢,Baseball
[情報] 阿部監督在粉絲感謝祭被喊下台,Baseball
[情報] 大都會遊騎兵交易 semien、nimmo互換,Baseball
[新聞] 等待美職球隊開價　徐若熙不排斥轉投牛,Baseball
[新聞] 11/30保留名單遞交截止日 各隊戰力外名,Baseball
[新聞] 冬盟》陳品宏首局首打席挨轟狂失4分 台灣海洋5：7輸日職聯隊,Baseball
[新聞] 大谷翔平全壘打拍賣 比創紀錄奪冠轟更值錢,Baseball
[新聞] 不是收攤 也不是轉賣 樂天今重磅宣布「,Baseball
[新聞] 留住台灣青棒好手 吉力吉撈有話要說,Baseball
[新聞] 中職／明年wbc關注！吳念庭向日媒推薦兩,Baseball
[討論] 明星賽or各球團感謝祭 把野球盤搬上球場,Baseball
[分享] 日媒:最快158km徐若熙、引發美日大爭奪,Baseball
[新聞] 12強奪冠後棒球熱潮爆發！　吳念庭向日媒,Baseball
[新聞] mlb 消息人士預測:道奇今冬不會簽這4位,Baseball
[分享] 樂天桃猿fb 法式香蒜 vs 奶油檸檬,Baseball
[專欄] 王翊亘專欄:林岱安爭奪戰　富邦悍將居於領先地位,Baseball
[新聞] 4度50轟、比肩傳奇卻仍缺冠軍戒 賈吉盼終,Baseball
[分享] 教練我想打棒球 林岳平出席中正大學座談,Baseball
[新聞] mlb》看起來很痛！　大都會阿庫尼亞「打,Baseball
[新聞] 中職／味全龍大巨蛋感謝祭湧近萬人　球,Baseball
[分享] 今日亞洲冬盟觀眾人數,Baseball
[新聞] wbc／接到12強冠軍最後一球！朱育賢未獲,Baseball
[情報] 20251124亞洲冬季棒球聯盟預告先發,Baseball
[情報] 2025awb亞洲冬盟戰績,Baseball
[分享] 大勢 拿下2025年球季東京巨蛋mvp,Baseball
[新聞] ysf-林辰勳赴韓秋季聯盟開眼界！與韓籍,Baseball
[分享] blake snell一個月征戰各大聯賽,Baseball
[新聞] 徐若熙旅外結果12月中出爐！日職因「一,Baseball
[討論] 要搶到林立除了$$還需要哪些優勢?,Baseball
[分享] 宮西尚生 通算900場登板紀念雕像,Baseball
[新聞] 打不好不換、打好才換 福林主帥章子健談,Baseball
[分享] 一年前的今天-12強冠軍！,Baseball
[分享] 歷史上的今天-台灣成為世界冠軍,Baseball
[新聞] 味全龍大巨蛋球迷感謝祭 近萬名龍迷到場,Baseball
[新聞] 中職》赴日訓練開眼界 游霆崴分享所見所,Baseball
[新聞] xbx 冬盟》二軍比賽只有韓職一半 林振賢,Baseball
[live] 2025亞洲冬盟#18 日職聯隊 vs 台灣海洋,Baseball
[分享] 今井達也 今天在球迷感謝祭活動落淚,Baseball
[新聞] 中職》重大事件！ 11/24樂天集團高層將在聯盟召開記者會,Baseball
[新聞] 中職／余謙冬盟終於回穩！隊友卻不挺,Baseball
[新聞] ysf-樂天桃猿又要拋震撼彈？突發24日,Baseball
[情報] ettoday threads：樂天非轉賣,Baseball
[新聞] 捕手蔣少宏獲wbc徵詢　期待與同窗林家正,Baseball
[新聞] ysf 朱育賢力挺黃子鵬加盟台鋼:他值得這,Baseball
[新聞] 樂天明重大事件宣告 據傳與整季風波有關,Baseball
[新聞] 樂天桃猿突發記者會通知　宣布轉賣、公,Baseball
[新聞] 中職／離開猿營仍為「阿公」送機 朱育賢,Baseball
[新聞] 日職／操偶師離世停止活動！　養樂多超人氣吉祥物燕九郎明年,Baseball
[新聞] ysf-樂天桃猿突召記者會！奪冠後連環震,Baseball
[新聞] 11/24記者會 樂天集團董事長和中職會長,Baseball
[分享] 廣島一年2m簽下26歲freddy tarnok(均153）,Baseball
[新聞] 未正面回應葉君璋是否續任教頭 領隊一席話,Baseball
[新聞] 徐若熙旅外尚未做出決定！家人也是考量,Baseball
[新聞] 中職／龍隊戰力外名單已有雛形 洋砲因少,Baseball
[新聞] 中職》味全龍總教練還是葉君璋？ 領隊的,Baseball
[新聞] ysf-葉總合約到今年！味全龍教練團有異,Baseball
[新聞] 中職》今年fa市場「按兵不動」 味全龍有,Baseball
[新聞] spc-mlb》揭露投手大谷復出過程 羅伯斯：,Baseball
[新聞] 「村神」挑戰大聯盟守比打難 前世界大賽,Baseball
[分享] 大勢cosplay 猗窩座,Baseball
[新聞] ysf-味全去年砸重金搶fa強補戰力　今年,Baseball
[新聞] mlb》求婚成功 道奇jack dreyer「第二枚,Baseball
[新聞] wbc》早以代表美國為目標 carroll：最高,Baseball
[新聞] xbx-台灣山林首次「晚接早」遭到7分差,Baseball
[新聞] 經典賽》接到12強世界冠軍最後一球的男人,Baseball
[分享] 今日rookie tune,Baseball
[新聞] 中職／徐若熙旅外結果12月中明朗！　味,Baseball
[新聞] 12強》台灣隊風光奪冠一週年 張奕、江國,Baseball
[分享] 松山晋也加薪7500萬日圓 年薪突破一億,Baseball
[新聞] 林安可真的超扯！ 當年李凱威聽過一個,Baseball
[討論] 所以余謙的問題是哪隊最會修的？,Baseball
[討論] 頂級野手怎麼培養？,Baseball
[討論] 大谷跟山本不打wbc不會被情勒嗎？,Baseball
[討論] 這次日本社會人是不是比日職聯隊強?,Baseball
[分享] 馬傑森懇親日 快問快答,Baseball
[分享] 阿部監督談岡本挑戰大聯盟&明年球隊編組,Baseball
[分享] 昨日澄清湖動物園隨拍,Baseball
[新聞] mlb／索托「選球眼」和電子好球帶誰更準,Baseball
[新聞] ysf-徐若熙海外fa後首露面！談參訪軟銀、,Baseball
[新聞] wbc／美國隊首位牛棚出爐！他自行宣布參,Baseball
[問題] 冬盟假日幾點可以入場？,Baseball
[新聞] 中職／徐若熙現身感謝祭 談旅外：搞不好,Baseball
[新聞] ysf-徐若熙談旅外決定最大關鍵是家人,Baseball
[新聞] 中職／徐若熙心向美國或日本未定 談經典,Baseball
[新聞] spc-mlb》爆料山本由伸都沒在重訓仍強到,Baseball
[新聞] 中職／離開猿營仍為「阿公」送機 朱育賢,Baseball
[新聞] 經典賽／吉力吉撈收參戰邀請有意願 朱育,Baseball
[新聞] 中職》給林安可旅日的建議 吉力吉撈：「,Baseball
[情報] 中日龍隊育成簽回內野手津田啟史,Baseball
[分享] 職棒元年年鑑 照片分享,Baseball
[新聞] 「因為我能承受這一切」　落磯24歲新秀清,Baseball
[新聞] ysf-日媒報導「大型合約」！林安可1.2億,Baseball
[新聞] 日本投教談拉攏山本笑答想靠「感覺」 盼,Baseball
[新聞] 經典賽／大谷、山本不應該參加ｗbc？道奇,Baseball
[新聞] ysf-台美混血卡洛爾一秒答應加入美國隊！,Baseball
[新聞] 翔平發威!林翔平場內全壘打領銜 金龍國小,Baseball
[分享] 贊助商對西武不滿？,Baseball
[新聞] 洋基不能再搶輸道奇！紐媒回憶錯失大谷,Baseball
[live] 2025亞洲冬盟#17 台灣山林 vs 韓職聯隊,Baseball
[新聞] spc-justin turner想再戰一年盼與道奇簽,Baseball
[分享] 大谷獲得餐廳老闆mvp蛋糕,Baseball
[新聞] 徐生明盃重返美濃 雄鷹出任務,Baseball
[新聞] 道奇、洋基灑幣有回報 山本由伸、寇爾獲,Baseball
[分享] 歷史上的今天-12強台日複賽 林安可棒打橫山陸人,Baseball
[分享] whitlock確定加入wbc美國隊,Baseball
[情報] 原養樂多右投金久保優斗轉戰韓國職棒,Baseball
[新聞] 軟銀搶徐若熙 城島再度來台,Baseball
[新聞] 大溪養成釀酒人 教頭點出旅外新轉變,Baseball
[新聞] spc-才32歲就不打了！ 藍鳥牛棚史萬森宣佈退,Baseball
[情報] 中日龍公佈2026年新款式球衣,Baseball
"[分享] 則本昂大第一順位大聯盟,辰己涼介國內fa",Baseball
[新聞] 不只一隊想網羅伍鐸　味全龍開出複數約留,Baseball
[新聞] 時隔30年後再次造訪美濃　黃甘霖親授小球,Baseball
[分享] 錢公:不給王念好機會是瞎子,Baseball
[分享] 渡邊久信分享當年為何拒絕讓高橋入札,Baseball
[新聞] spc-經典賽》大谷翔平、山本由伸參賽懸而,Baseball
[新聞] 坦言想過美國不是一定會選自己 卡洛爾圓,Baseball
[新聞] 統一獅新賽季洋將不只有新面孔 蘇泰安,Baseball
[分享] 岸孝之 減薪4000萬日圓,Baseball
[分享] 今年挑戰mlb亞洲球員各自入札截止日,Baseball
[新聞] 耕元盃落幕！卑南國中封王、紅葉國小奪硬式少棒冠軍,Baseball
[討論] 被2a層級釋出球員如何過水去kbo?,Baseball
[新聞] xbx-台鋼雄鷹》台鋼科大進度如預期　預,Baseball
[新聞] 徐生明少棒回歸原點鄉親力挺　高雄美濃開,Baseball
[分享] 談到大谷翔平  近藤:就做人來說滿無聊的.,Baseball
[新聞] spc-台灣隊注意 百大新秀高居第五的紅雀大,Baseball
[炸裂] 曾昱磬 冬盟,Baseball
[新聞] ysf-黑豹旗／ig學「魔球」發威！曾睿豪,Baseball
[新聞] 亞洲冬季聯盟票房創新高！台灣內戰進場人,Baseball
[分享] 今日亞洲冬盟觀眾人數 晚場破單場新高,Baseball
[情報] 20251123亞洲冬季棒球聯盟預告先發,Baseball
[新聞] 聯電45周年家庭日活動 凸顯棒球主題,Baseball
[新聞] 黑豹旗》「體育班不應該被汙名化」 青棒,Baseball
[討論] 林安可去日職成績有可能會像哪位曾經旅日的打者?,Baseball
[情報] 老虎不和內野工具人andy ibanez換約,Baseball
[分享] 歷史上的今天 12強台灣8:2大勝美國,Baseball
[分享] 歷史上的今天-12強美委複賽混戰 台進決賽,Baseball
[情報] 歐力士七人換約，小木田敦也育成簽回,Baseball
[新聞] 黑豹旗》前誠泰捕手之子 許冠宇外型和老,Baseball
[情報] 新庄剛志監督公布明年開幕戰先發投手陣,Baseball
[新聞] 鼓勵林安可保持「大砲」特色 張泰山提醒,Baseball
[分享] 日本火腿球員背號變更 郡司裕也改穿3號,Baseball
[分享] 日本火腿鬥士近代球衣演變,Baseball
[討論] wbc中華隊外野怎麼選?,Baseball
[公告] 板務預告&spc禁發討論&板主徵選,Baseball
[情報] 清宮friends與偶像團體合作網路熱烈迴響,Baseball
[情報] 阪神六名選手明年更改背號,Baseball
[新聞] 林安可加盟西武獅　張泰山：首年勿給高,Baseball
[新聞] 黑豹旗》東體甩開興大附農糾纏挺進8強,Baseball
[新聞] spc-日職》火腿開幕戰前3場先發投手曝光,Baseball
[live] 2025亞洲冬盟#16 台灣山林 vs 台灣海洋,Baseball
[分享] 佐藤輝明今日受頒央聯年度大賞,Baseball
[分享] 樂天巨人擴大洋將球探部門、挖角起亞球探,Baseball
[分享] gq封面人物-林智勝,Baseball
[新聞] 旅日好薪情！ 日刊體育披露林安可年薪1.5,Baseball
[新聞] mlb／去年季後賽0失分！道奇2年守護神下,Baseball
[分享] 廣島隊宣布簽下新洋投 freddy tarnok,Baseball
[新聞] spc-mlb》40歲201轟明星重砲想再戰一年,Baseball
[分享] 大谷翔平成立基金會,Baseball
[新聞] 日職／新球季穿上西武73號 林安可：挑戰,Baseball
[新聞] 兄弟教練莎菈轉戰美國女子職棒　加入洛,Baseball
[新聞] 藍色旋風！大溪高中完封對手挺進8強,Baseball
[新聞] 連2年有球員旅外不是戰力流失　陳師正談,Baseball
[新聞] ysf-張育成現身！請興大學弟吃麥當勞,Baseball
[新聞] spc-亞古納稱大谷翔平能60轟60盜 想獲取,Baseball
"[分享] 廣島隊續約洋砲 sandro fabian, montero",Baseball
[問題] 費仔1月15會加入國訓中心集訓嗎？,Baseball
[新聞] 兩大主力都入札旅美 西武獅把今年救援王,Baseball
[新聞] 百萬月薪投手換人當!江少慶、王維中退場,Baseball
[新聞] 「2a待遇不比台灣差」 道破中職非青棒首,Baseball
[情報] 新庄剛志目標2030年成立三軍,Baseball
[新聞] 洋基要搶今井達也！總管霸氣喊「我很會,Baseball
[分享] 道奇隊未與evan phillips換約,Baseball
[情報] 埼玉西武獅x帳號和西武官方網站 林安可,Baseball
[新聞] wcy-西武官宣簽下林安可！背號73號出爐：,Baseball
[新聞] spc- 日媒評大約難度高 西武獅高橋光成,Baseball
[分享] 王柏融 林安可 去日本前在中職的 ops+,Baseball
[live] 2025年黑豹旗11/22十六強賽程,Baseball
[新聞] 日職／西武與林安可達成簽約共識 球團部,Baseball
[新聞] 中職／高國輝未來任務未定 談悍將「明年,Baseball
[新聞] 球探排自由球員投手 valdez第1、今井達也,Baseball
[新聞] nba球星抽中全球唯一山本由伸親簽！成交,Baseball
[新聞] 苗市棒球場將拆除 將向中央爭取1億元興,Baseball
[情報] 日本火腿發表新球季限定版球衣,Baseball
[新聞] 連兩年輸出球星赴日 獅隊季外補強方向鎖,Baseball
[live] 2025亞洲冬盟#15 日本社會人 vs 韓職聯隊,Baseball
[新聞] 黑豹旗／金農宋育榮自費4萬來台進修！感,Baseball
[分享] 細野晴希向達孝太提出同居邀約遭拒　明年,Baseball
[新聞] 道奇三連霸拼圖？美媒曝恐迎回「2屆世界大賽mvp」,Baseball
[新聞] 昔日mvp要回來了？道奇評估重簽cody bel,Baseball
[分享] 中職史上前十大約更新,Baseball
[分享] 2025年黑豹旗11/21十六強戰績+11/22賽程,Baseball
[分享] 今年休賽季亞洲聯盟挑戰mlb球員名單,Baseball
[新聞] xbx-冬盟》15年前史上首張fa大型合約,Baseball
[分享] 淺村榮斗 年薪維持5億日圓,Baseball
[新聞] 鄭兆行可望續留桃猿　樂天尋找二軍總教練,Baseball
[新聞] 轉播常常cue到她!「神秘女球迷」暖心揭,Baseball
[情報] 林安可與西武獅完成簽約,Baseball
[新聞] 猿fa連3年出走 古久保有釋出訊號,Baseball
[新聞] 黃子鵬in 魔鷹留鷹空間大增,Baseball
[新聞] wcy-日媒率先曝：林安可確定加盟西武！,Baseball
[情報] adolis garcia被non-tender,Baseball
[新聞] wcy-大谷翔平強烈想打wbc！道奇可能「附,Baseball
[新聞] wcy-大谷練打嚇壞隊友！史密斯揭「只能,Baseball
[創作] 國聯巔峰決戰・大谷封神之役,Baseball
[新聞] 山本由伸從來不說「把我換下去」羅伯斯,Baseball
[新聞] xbx 冬盟》陳思仲在冬季聯盟獲得寶貴打,Baseball
[新聞] 爆米花42歲陽耀勳追平2分砲　率台壽霸龍擊敗合庫,Baseball
[新聞] 黑豹旗》從瀕臨解散到勇闖16強 金門農工教練無限感慨想掉淚,Baseball
[新聞] 中職／簽下黃子鵬後繼續推動3+1洋將？,Baseball
[新聞] spc 不想離開老虎!塞揚強投史庫柏爾不解,Baseball
[新聞] mlb》大都會傳用雙倍年薪慰留　助索托跑,Baseball
[分享] 李杜軒ig:上週和王貞治爺爺吃飯,Baseball
[討論] 台灣人棒球站穩日職比較難 還是籃球站穩c,Baseball
[新聞] spc-經典賽》全力以赴挑戰2連霸！ 日本,Baseball
"[分享] 日本火腿洋投 drew verhagen, zabala退團",Baseball
[新聞] 經典賽／日本球迷預測中華隊打線！陣容,Baseball
[情報] 20251122亞洲冬季棒球聯盟預告先發,Baseball
[分享] 台鋼yt-鷹家兄妹澄清湖球場報喜,Baseball
[分享] 朴海旻 與lg雙子簽下4年總額65億韓元合約,Baseball
[新聞] wcy-胡金龍一桿攻上果嶺停洞口 林智勝：,Baseball
[分享] 今日田子杰,Baseball
[新聞] 從豪門到寒門 美和青棒教頭暢談「煮菜理,Baseball
[新聞] 火球祭11/23桃園球場登場 青埔消防分隊,Baseball
[新聞] spc-長嶋茂雄追思會東蛋進行 大谷翔平、高市早苗,Baseball
[情報] 廣島以育成約簽回右投河野佳,Baseball
[新聞] 中職／林岱安以未來保障為主考量　共4隊,Baseball
[新聞] 從兄弟打擊教練到wpbl球員　莎菈確定投入,Baseball
[分享] 林志賢 林祐樂 林岱安 歷年成績,Baseball
[新聞] wcy-林安可赴日沒問題！陳鏞基、胡金龍,Baseball
[新聞] 中職／簽下黃子鵬後更有空間續留魔鷹？,Baseball
[新聞] 中職》告別樂天加盟台鋼 經紀公司透露黃,Baseball
[分享] 黃子鵬 澄清湖生涯成績,Baseball
[live] 2025亞洲冬盟#14 台灣山林 vs 日職聯隊,Baseball
[新聞] u18功臣曾聖恩盼加盟味全龍　理由竟是,Baseball
[新聞] 黑豹旗／完投帶隊創隊史首8強 卓鴻志受,Baseball
[新聞] 徐若熙不只道奇想要！隊媒：藍鳥、費城人,Baseball
[新聞] 羅伯斯談佐佐木朗希成長：哭泣的孩子9月,Baseball
[新聞] 黃子鵬高雄出身是「高雄王」如魚得水,Baseball
[新聞] 12強奪冠週年》台灣隊長人氣無國界 紅到,Baseball
[新聞] 樂天連3年留不住fa！下一步全力「綁住」,Baseball
[新聞] 黃子鵬出走後 桃猿fa「逃走率」已衝破6成,Baseball
[問題] 老虎溢價了？,Baseball
[新聞] wcy-撕掉「抬鋼」標籤 18天火速簽下黃子鵬,Baseball
[新聞] 黃子鵬確定加盟台鋼！簽5年6600萬大約：,Baseball
[討論] 這樣台鋼會放老虎打wbc嗎？,Baseball
[分享] 郭阜林限動:歡迎黃子鵬,Baseball
[新聞] 中職／台鋼5年大約擄獲黃子鵬的心　桃猿,Baseball
[分享] 2025 cpbl各隊球季後異動&活動-11/21,Baseball
[新聞] 中職》第7輪的逆襲 黃子鵬可望晉升「億,Baseball
[分享] 中信盃黑豹旗 - 美和高中林聖唯超美技守備,Baseball
[討論] wbc國內球團是否可以比照mlb拒絕洋投徵招,Baseball
[新聞] wcy-「新男友get！」takamei猛攻示愛,Baseball
[分享] 桃猿六年五冠時期主力球員現況(僅列現役),Baseball
[新聞] xbx-不只簽下黃子鵬 台鋼也與林岱安交換,Baseball
[新聞] 中職》去年爭取四大自由球員未果 台鋼雄,Baseball
[討論] 真的沒想到中職能進化到季後很有戲,Baseball
[新聞] 黃子鵬也出走 桃猿fa「逃走率」已衝破6成,Baseball
[分享] 台鋼商品部今天開賣三杯雞,Baseball
[討論] 陳俊秀去年mvp受訪時的動作,Baseball
[情報] mlb相關人士：大谷已表達要打wbc,Baseball
[新聞] spc-mlb》「丟臉又可悲」大都會投手被操爆,Baseball
[新聞] 黃子鵬投效台鋼雄鷹　樂天桃猿可惜：開出,Baseball
[新聞] 中職》台鋼雄鷹網羅黃子鵬 領隊劉東洋：,Baseball
[討論] 啾啾有可能會搶威能帝嗎？,Baseball
[新聞] 黃子鵬大約溢價嗎？劉東洋看見雄鷹球迷淚,Baseball
[新聞] 中職》黃子鵬來了 魔鷹呢？洪總的回答有,Baseball
[新聞] wcy-黃子鵬隊史首位fa加盟！球迷握手道,Baseball
[新聞] 中職／黃子鵬5年大約加盟雄鷹　桃猿連3年,Baseball
[分享] 樂天桃猿fb 謝謝你 黃子鵬,Baseball
[新聞] wcy-魔鷹續留機率升高？劉東洋：他也想回,Baseball
[新聞] 中職／黃子鵬離隊怎麼補？桃猿補償方案,Baseball
[新聞] 中職》「很可惜、很難過」 樂天球團尊重,Baseball
[新聞] 經典賽／大谷翔平有意參戰 日媒指出：僅,Baseball
[新聞] mlb／岡本和真、高橋光成正式入札 各隊開,Baseball
[新聞] wcy-大谷翔平巔峰期勝過邦茲？美記者點,Baseball
[新聞] 12強奪冠週年》讓球迷天天像過年 愛爾達,Baseball
[討論] 接著是不是要討論伍鐸大叔了？,Baseball
[新聞] mlb／不想跟大谷翔平一起打擊 道奇鐵捕：,Baseball
[新聞] 日職》前田健太回流　樂天開2年超過4億,Baseball
[新聞] 史金恩茲會去洋基嗎？紐媒直言海盜無力留,Baseball
[專欄] fa市場觀察:黃子鵬行情看俏 林岱安比蘇,Baseball
[新聞] 佐佐木朗希奪冠大賺一筆！有望抱回1562,Baseball
[live] 2025年黑豹旗11/21十六強賽程,Baseball
[情報] 現金人：已經跟貝林傑和塔克的經紀人聯絡,Baseball
[情報] 英雄隊宋成文正式送出赴美入札申請,Baseball
[新聞] 中信兄弟前打擊教練莎菈要打職棒了！投入,Baseball
[情報] 黃子鵬：「謝謝台鋼帶我回家！」,Baseball
[live] 2025亞洲冬盟#13 日本社會人 vs 台灣海洋,Baseball
[分享] 樂天對中華職棒球員流動的巨大貢獻,Baseball
[新聞] 中職》奪冠仍留不住黃子鵬 樂天桃猿連3年,Baseball
[發錢] 謝謝黃子鵬來台鋼！澄清虎王降臨！,Baseball
[新聞] mlb公布fa打者排行榜 「驚人的潛力」村,Baseball
[新聞] 大谷翔平追悼長嶋茂雄：看著他的身影，,Baseball
[分享] 西村天裕 宣布引退,Baseball
[情報] 實況野球2025 台灣人選手能力值 最終版,Baseball
[新聞] 黑豹旗／鶯歌工商賽前全員閉目且一語不,Baseball
[情報] 日本棒球規則改正：壘上有人的投球動作,Baseball
[分享] 小野寺暖 年薪維持1500萬日圓,Baseball
[分享] 黃子鵬 合約總額可能破6500萬,Baseball
[討論] 台灣有機會組成職業女子棒球隊嗎??,Baseball
[情報] 前田健太爭奪戰 樂天金鷲佔有優勢,Baseball
[分享] thank you 中職36年 印象深刻的蟻年,Baseball
[情報] 岡本和真、高橋光成完成入札申請程序,Baseball
[新聞] wcy-「全力搶黃子鵬」台鋼態度最積極再加碼,Baseball
[新聞] 冬盟》陳愷佑美技驅韓 感謝後藤教練壯膽,Baseball
[新聞] wcy-留不住黃子鵬？樂天祭5年以上長約,Baseball
[新聞] spc-日職》羅德隊新主場想改為巨蛋球場！ 球團社長說明緣由,Baseball
[新聞] 「和大谷聊什麼？」問到煩！道奇老將羅,Baseball
[情報] 阪神藤川監督：期待大山努力成為40轟打者,Baseball
[新聞] 12強奪冠週年 1124內化為台棒dna,Baseball
[分享] 藤平尚真 宣布結婚,Baseball
[新聞] 經典賽／中華隊定出43人名單 1月15日開始,Baseball
[新聞] 黑豹旗》前兄弟象捕手有子繼承衣缽 吳彥,Baseball
[新聞] 黑豹旗／越激越強！曾乙倫臨危受命僅熱5球,Baseball
[新聞] 黑豹旗》鶯歌工商「黃金世代」畢業依舊強,Baseball
[情報] 西武獅簽下斯洛維尼亞、烏干達育成選手,Baseball
[釣卡好] 單場電視輔助判決三次以上失敗,Baseball
[新聞] 「福州海俠隊」亮相!背後是台商企業,Baseball
[分享] 2025年黑豹旗11/20十六強戰績+11/21賽程,Baseball
[情報] 20251121亞洲冬季棒球聯盟預告先發,Baseball
[新聞] wcy-日職新規上路！惡劣天氣可「免等30分鐘」直接終止比賽,Baseball
[分享] 贈送 冬盟 11/23 12：05    送出,Baseball
[專欄] 中職專欄》自由球員補強牽一髮動全身 林,Baseball
[討論] 會想看中職用抽籤決定選秀順位嗎,Baseball
[分享] 柴田獅子 加薪110萬日圓,Baseball
[分享] paul skenes幫粉絲拍的合照xdd,Baseball
[情報] 第五支即將官宣!?,Baseball
[新聞] 道奇日裔總教頭光榮返鄉 日媒追問「三本,Baseball
[分享] 姜白虎:感覺kt沒有很需要我 & 感謝球迷,Baseball
[情報] 樂天金鷲西垣雅矢加薪三倍+宣布結婚,Baseball
[情報] 羅德提出 zozo 新球場加蓋的可能性,Baseball
[新聞] 大聯盟規定美職球員只能官辦熱身賽加入,Baseball
[新聞] wbc》中華隊1.15展開第1階段集訓　選出,Baseball
[新聞]背後傳球美技雙殺 陳愷佑笑:後藤教練不罵,Baseball
[新聞] occ-mlb》美媒報導！道奇有意簽下徐若熙,Baseball
[新聞] wbc》到東京巨蛋看比賽 曾豪駒：韓國打,Baseball
[新聞] wcy-費爾柴德、龍恩堅定表態要為台灣出征,Baseball
[新聞] 韓職／姜白虎突放棄挑戰mlb舞台！　留韓,Baseball
[新聞] 黑豹旗／賽中調整見成效！陳昱勛後援5局,Baseball
[分享] 姜白虎100億合約結構（50億簽約金）,Baseball
[討論] 所以費仔條款會順勢通過吧？,Baseball
[新聞] 亞太棒球場交通接駁 交通局：規畫台南捷,Baseball
[新聞] 樂天桃猿》首次團隊旅行選擇越南　90人,Baseball
[live] 2025亞洲冬盟#12 日職聯隊 vs 日本社會人,Baseball
[新聞] 日職/「肉體的援助」走入歷史！棒球規則,Baseball
[專欄] 傷病史、體力條 經典賽投手該如何選、,Baseball
[新聞] 中職》統一獅主場進駐亞太越來越近　預,Baseball
[新聞] spc-mlb》道奇鎖定徐若熙？ 美媒提及台,Baseball
[新聞] spc-千賀滉大恐遭交易 美媒：大都會對他,Baseball
[新聞] 楚特轉戰道奇？與大谷翔平重聚 美媒點4大,Baseball
[live] 2025亞洲冬盟#11  韓職聯隊 vs 台灣海洋,Baseball
[新聞] 冬盟》田子杰高居打擊、安打雙冠 期待向,Baseball
[分享] 樂天fb 威能帝和黃子鵬挑戰手眼協調,Baseball
[新聞] 山本由伸密會村上宗隆！壽司店合影曝光,Baseball
[新聞] 日本社會人超細膩 台灣山林兩倍安打吞敗,Baseball
[分享] mlb主席manfred：不會對投注做進一步限制,Baseball
[分享] 台鋼新商品—吉祥物的皮,Baseball
[新聞] spc-mlb》洋基謠言讓他很受傷 史基斯重申,Baseball
[新聞] 統一獅》一、二軍25人豪華教練團分工超,Baseball
[新聞] spc-問到煩！媒體狂問「大谷翔平」道奇老,Baseball
[情報] 西武前gm渡邊揭露「戰力編成的真相」,Baseball
[新聞] 黑豹旗》怎麼了？ 1個暴投竟然奉送3個,Baseball
[新聞] 黑豹旗／南北強校激戰！　高苑11比5逆轉,Baseball
[新聞] 陳鏞基可望延續球員生涯　明年將成中職,Baseball
[新聞] 黑豹旗》高苑也有小葛雷諾 108公斤重砲,Baseball
[新聞] 道奇對徐若熙有濃厚興趣？隊媒爆料可能加,Baseball
[新聞] wcy wbc日本獨家轉播後 netflix再搶mlb開,Baseball
[新聞] 台灣被看扁！　wbc奪冠賠率「倒數第5」,Baseball
"[新聞] spc-辰己涼介,桑原將志,松本剛 fa去向未",Baseball
[討論] 江少慶有機會打wbc嗎？,Baseball
[討論] 中職未來的旅外fa有機會正向循環變常態嗎,Baseball
[新聞] wcy-真美子「完美mvp妻」！日媒曝暖心舉,Baseball
[分享] 巨人捕手山瀨慎之助不排除轉隊尋求空間,Baseball
[新聞] wbc賠率榜出爐!美國最被看好日本緊追在,Baseball
[分享] 山本由伸跟村上宗隆在吃日本料理,Baseball
[新聞] mlb／netflix也加入轉播 搶下大聯盟全壘,Baseball
[新聞] 經典賽／中華隊又被看低 國際賭盤奪冠賠,Baseball
[live] 2025年黑豹旗11/20十六強賽程,Baseball
[情報] 勇士用nick allen跟鼓人換dubon,Baseball
[討論] clase - 直走就是名人堂卻蹲下來打假球,Baseball
[分享] 姜白虎跟韓華初會秒合意 美國不去了,Baseball
[分享] 台鋼訓練基地,Baseball
[分享] iglesias拒絕道奇報價,Baseball
[情報] 勇士簽回raisel iglesias,Baseball
[新聞] spc-mlb》鄭宗哲利多！海盜菜鳥轉戰日職,Baseball
[新聞] 美媒曝道奇鎖定「台灣頂尖投手」徐若熙呼,Baseball
[分享] 2025年黑豹旗11/19十六強戰績+11/20賽程,Baseball
[分享] 梅野隆太郎 與阪神簽下一年1億2000萬合約,Baseball
[情報] 今日 韓東熙(4日兩國三戰+晚接午),Baseball
[情報] 阪神老闆拒絕在甲子園加蓋全壘打特別席,Baseball
[新聞] spc-mlb》大都會、藍鳥等5隊都想要340轟,Baseball
[新聞] 西武為何要挖林安可？「強力左打」重燃山,Baseball
[新聞] ysf-張景淯寫中職生涯最多用球！化解滿,Baseball
[分享] 田口麗斗 今天在波多黎各冬盟先發5局0失分,Baseball
[新聞] 「真的打出國了！」棒球打擊練習場進軍,Baseball
[分享] 中東大聯盟直播,Baseball
[分享] will smith是單一年度ws蹲最多局捕手,Baseball
[分享] ba 今井君の報告書,Baseball
[情報] 前教士名投randy jones逝世,Baseball
[新聞] ysf-佐藤由規傳訊息恭喜王彥程　大讚球,Baseball
[情報] 火腿伊藤大海明年年薪可能突破三億日幣,Baseball
[分享] 樂天金鷲洋砲 maikel franco預計將會離隊,Baseball
[新聞] wcy-mlb宣布與pitchcom續約6年　最快明,Baseball
[live] 2025亞洲冬盟#10 台灣山林 vs 日本社會人,Baseball
[專欄] 經典賽美國隊開始認真！組真正「夢之隊」,Baseball
[新聞] 離開台鋼雄鷹內心「不捨」　張喜凱被洪,Baseball
[新聞] ysf-桃猿林華偉改回熟悉投球動作　聽從,Baseball
[新聞] 自培選手參加冬盟嚇一跳 陳原維力拚獲得,Baseball
[新聞] 胡金龍明年進一軍教練團 春訓先赴美進修,Baseball
[新聞] 女子職棒大聯盟初創四隊：洛杉磯、舊金,Baseball
[新聞] 潛水艇張喜凱遭台鋼釋出 「我還想再拚,Baseball
[新聞] xbx-背號3位數培訓選手愈來愈多 彭政閔,Baseball
[討論] 日本國家隊棒足球選手出賽比較,Baseball
[新聞] 耕元盃棒球賽熱血開打全國44支隊參賽 啦啦隊賽獎品大豬一頭,Baseball
[新聞] ysf-中職自培選手激增！彭政閔：象徵球,Baseball
[新聞] 冬盟》蔡琞傑腳傷退場 傷勢待觀察,Baseball
[情報] 20251120亞洲冬季棒球聯盟預告先發,Baseball
[分享] 菊池雄星帶大家參觀scott boras的總部,Baseball
[新聞] 52歲鈴木一朗仍是一尾活龍 他曝：訓練比,Baseball
[新聞] ysf-兄弟首輪蔡琞傑敲二壘安打卻突然傷退,Baseball
[新聞] 黑豹旗／平鎮、穀保交鋒破30位球探到場！,Baseball
[情報] 斗山在二次選秀挑選李相赫,Baseball
[新聞] 經典賽／投球時鐘讓日本隊打球綁手綁腳？,Baseball
[新聞] 黑豹旗／柯敬賢嗨喊到燒聲 平鎮教頭解析,Baseball
[新聞] 中職／悍將休賽季第二批赴日！　林哲瑄帶,Baseball
[新聞] 黑豹旗》高一就扛第3棒 劉桓宇淘汰邊緣敲,Baseball
[新聞] 林益全、曹錦輝想去的cpb到底是什麼比賽,Baseball
[新聞] 黑豹旗／穀保王牌張乙安失常遭逆轉！總,Baseball
[新聞] cpb／林益全為何有意願西進？曾曝生涯規,Baseball
[新聞] wcy-大谷、山本、佐佐木是否打wbc？羅伯,Baseball
[新聞] spc-mlb》相信領22億約的史考特！道奇總,Baseball
[新聞] ysf kbo「第一指名兄弟」朴世津5局好投,Baseball
[分享] 台鋼雄鷹公布不續約選手名單,Baseball
[討論] 中信當年為啥把主力放走？,Baseball
[新聞] 台鋼雄鷹》預計年底還有一波釋出 領隊：,Baseball
[新聞] 林維恩資格賽磨練提升心理素質 表態想打,Baseball
[分享] 2025 cpbl各隊球季後異動&活動-11/19,Baseball
[情報] 今日九州國際大付 岩見輝晟 136球勝投,Baseball
[新聞] 台鋼雄鷹》想回應鷹迷對黃子鵬的期待　球,Baseball
[新聞] xbx台鋼與魔鷹經紀人交換意見,Baseball
[新聞] 鏖戰9局！彰藝高一側投潘唯峰助隊險勝南英,Baseball
[分享] 2026世界棒球經典賽賭盤賠率(fox sports),Baseball
[新聞] ysf-台韓暖心交流！張仁瑋關心觸身球,Baseball
[分享] 前西武渡邊gm大讚林安可與吉田正尚相似,Baseball
[分享] 老虎記者：灝宇明年會上去、platoon型球員,Baseball
[新聞] ysf-退伍前從東京趕場打冬盟　韓東熙準,Baseball
[新聞] 日職／孫易磊驚奇一年找到2武器 參戰經,Baseball
[分享] 穀保家商 張乙安bs,Baseball
[新聞] 台中超巨蛋造型曝光！顛覆圓蛋設計 盧秀,Baseball
[新聞] mlb(影)／想被交易到洋基？海盜賽揚王牌,Baseball
[分享] 悍將next base第二批出發日本,Baseball
[新聞] 黑豹旗／平鎮16強神奇逆轉 穀保四死球連,Baseball
[討論] 兵役列管標準沒有浮動空間,Baseball
[新聞] 台中超巨蛋將落腳水湳 外觀模擬圖曝光,Baseball
[新聞] mlb／a-rod名人堂夢恐破碎！拍紀錄片洗白,Baseball
[新聞] ysf-曾效力桃猿！佐藤由規重返台灣換身分,Baseball
[新聞] spc-經典賽》大谷、山本、朗希能否打日,Baseball
[新聞] 「非常值得期待選手」西武球團首度談林安,Baseball
[新聞] mlb》連隨隊都不用了　大都會右投動tj報,Baseball
[新聞] 黑豹旗》剛換投就「暴投+投手犯規」險誤,Baseball
[新聞] 中職》林安可挑戰日職要成功 日本記者有,Baseball
[情報] 李灝宇進入40人名單,Baseball
[新聞] wcy-巨人宣布岡本和真申請入札 隊史第3人挑戰大聯盟,Baseball
[情報] 今井達也 今天開始入札程序,Baseball
[新聞] mlb／4人接受合格報價！創史上最多　今,Baseball
[情報] 莊陳仲敖進四十人名單,Baseball
[分享] garrett whitlock 可能加入經典賽美國隊,Baseball
[情報] 教士加入今井達也爭奪戰,Baseball
[新聞] spc-mlb》昔日首輪火球大物惠特利遭光芒,Baseball
[分享] mlb共10支球團有意角逐爭奪 岡本和真,Baseball
[新聞] mlb／李灝宇、莊陳仲敖登上大聯盟不遠,Baseball
[live] 2025年黑豹旗11/19十六強賽程,Baseball
[新聞] 今永昇太等4人接受6.8億qo破歷史紀錄！,Baseball
[live] 2025明治神宮野球大会 決勝,Baseball
[分享] 歷史上的今天 2015 p12 日韓準決賽,Baseball
[新聞] lebron大讚curry　拿大谷翔平相比,Baseball
[live] 2025亞洲冬盟#09  韓職聯隊 vs 日職聯隊,Baseball
[情報] 天使交易taylor ward換來g rod,Baseball
[新聞] 黑豹旗》16強就對上 穀保、平鎮今交手,Baseball
[情報] 20251119亞洲冬季棒球聯盟預告先發,Baseball
[新聞] spc-mlb(影)／大谷翔平破天荒超越喬丹！,Baseball
[新聞] 印出選秀落榜進三菱 想成為有魅力的人,Baseball
[新聞] ysf-兄弟11輪黃霆杉勇闖澳職！彭政閔稱,Baseball
[分享] lg雙子以年薪20萬美金簽下 lachlan wells,Baseball
[新聞] 冬盟》曾家輝5局無失分飆6k 台灣山林大,Baseball
[情報] espn:道奇想簽短約、不太可能簽tucker,Baseball
[情報] passan：紅襪會交易duran或abreu,Baseball
[分享] 西川史礁 宣布結婚,Baseball
[分享] 七年前的今天 穀保擊敗平鎮 黑豹旗奪冠,Baseball
[新聞] 看衰「宇宙道奇」三連霸夢碎！前明星捕手點出關鍵因素,Baseball
[分享] 金丸夢斗 加薪900萬日圓,Baseball
[情報] 樂天金鷲調查前田健太,Baseball
[情報] 今永昇太接受qo,Baseball
[情報] woodruff 今永 torres grisham接受qo,Baseball
[情報] forrest whitley即將前往日職發展,Baseball
[新聞] 尋求舞台 林益全降薪轉戰中國？,Baseball
[新聞] milb／旅美首年歷練後升級　沈家羲關懷,Baseball
[live] 2025亞洲冬盟#08 韓職聯隊 vs 台灣山林,Baseball
[新聞] 中職／看到古久保健二掉淚才知卸任不是,Baseball
[新聞] 傳曹錦輝、林益全將「西進」?陳義信:能理,Baseball
[專欄] 2026年經典賽美國隊陣容 價值已近乎冠軍,Baseball
[新聞] xbx-中信兄弟現在9名捕手但二軍比賽太少,Baseball
[分享] 起亞虎考慮讓金倒永回去守游擊,Baseball
[新聞] 來台4年看見台灣棒球的進步 平野惠一認,Baseball
[新聞] 中職／新球季接三壘指要學開「紅綠燈」,Baseball
[討論] 林益全將來會自辦引退賽？,Baseball
[討論] 余謙和陳琥是實力不足還是球團不會養?,Baseball
[新聞] 大聯盟53年來最年輕教頭正式公開亮相 but,Baseball
[新聞] ysf-兄弟捕手爆滿9人！陳九登加練外野 彭,Baseball
[分享] 中信兄弟 - 4投參與歐力士猛牛隊秋訓,Baseball
[新聞] 冬盟》被球砸斷鼻樑將戴面罩出賽 劉俊緯,Baseball
[新聞] ubl強運菜鳥 林立大一就奪冠,Baseball
[新聞] mlb》大聯盟53年來最年輕教頭正式公開亮相 butera認為年齡,Baseball
[新聞] mlb》fa市場第1張大合約來了　naylor與水手再簽5年約,Baseball
[新聞] mlb》第1球故意壞球　trout跟rengifo的差別,Baseball
[新聞] 道奇想簽明星二壘手！金慧成恐失舞台 韓,Baseball
[分享] 養樂多接近簽下jesús liranzo,Baseball
[分享] 黑豹旗-13年來首次16強對戰 平鎮vs穀保,Baseball
[新聞] 日本wbc徵召卡關！井端監督焦慮　大谷、,Baseball
[新聞] wcy-鄭兆行看古久保落淚才知事情大條,Baseball
[新聞] 中職／轉任一軍三壘指導教練 高國慶：叫,Baseball
[新聞] 高國慶還沒自信能扛起「紅綠燈」 直言「,Baseball
[新聞] spc-踩過紅線...大谷翔平不再向這隊致意！,Baseball
[新聞] 球隊人事動盪心情「亂亂的」　鄭兆行：,Baseball
[新聞] 41歲王勝偉想續戰！與富邦討論中、身體,Baseball
[分享] 2025年黑豹旗32強11/18戰績+16強賽程出爐,Baseball
[分享] 岡本和真 正式提出入札申請,Baseball
[新聞] 升上1a收穫滿滿 沈家羲透露旅美生活挑戰,Baseball
[新聞] 識途老馬山中稜真自備食物來台 期待棒球,Baseball
[新聞] 中職／王勝偉下一步溝通中 談後藤教頭「,Baseball
[新聞] 冬盟》台灣山林報錯預告先發投手 恰總賽,Baseball
[新聞] ysf-強烈出賽意願！劉俊緯被球砸傷鼻樑,Baseball
[新聞] 15名選手即將退伍 韓職聯隊將提前返國,Baseball
[新聞] 林安可旅日衝擊統一獅火力　高國慶點出關,Baseball
[新聞] mlb／白襪鎖定岡本和真！捨棄村上宗隆,Baseball
[新聞] mlb》大谷翔平等人是否參加wbc　道奇總經,Baseball
[新聞] 味全龍》教練團小幅調整 領隊：會再找新,Baseball
[分享] 松坂大輔:很期待今井達也與山本在大聯盟,Baseball
[新聞] 林珺希u18後首登板黑豹旗 用1球救援成功,Baseball
[新聞] ysf-日職隊友問高雄哪裡好玩？陽柏翔推,Baseball
[新聞] mlb》上屆經典賽在台灣結緣　名人堂捕手,Baseball
[新聞] 中職／通算112轟統一獅重砲林安可加盟西,Baseball
[新聞] spc-從東京不到一小時電車抵達西武巨蛋,Baseball
[新聞] 大聯盟球員一個也沒確定wbc衛冕隊日本武,Baseball
[新聞] 台鋼季後教練團微幅調整　鎖定補強守備,Baseball
[新聞] ysf-王彥程加盟助陣、19歲鄭宇宙崛起,Baseball
[新聞] 日職／西武獅不留塞德諾！日媒關注林安可,Baseball
[新聞] xbx-冬盟 歐力士20歲育成投手壓制台灣海,Baseball
[討論] 陳義信是不是退的太早了?,Baseball
[新聞] mlb／山本由伸人氣暴漲　ig追蹤數1個月,Baseball
[新聞] spc-日韓交流賽》日本投手群挨4轟 ob直,Baseball
[新聞] 莊瑞雄、陳瑩助攻東體棒球場 3438萬重建,Baseball
[新聞] 41歲王勝偉明年球員身份續戰？林威助說明,Baseball
[新聞] cpb／曹錦輝、林益全被爆加入中國棒球聯賽！2人已在台參加測,Baseball
[分享] 斗山以四年80億簽下朴燦灝(簽約金佔50億,Baseball
[新聞] spc-中職》「沒想到真的打出國了！」 獅,Baseball
[新聞] 傳出赴中國cpb發展 林益全團隊：不排除,Baseball
[討論] 林益全引退賽有可能在cpb辦嗎？,Baseball
[新聞] 棒球／「前中職救援王」也被挖角！他秒,Baseball
[live] 2025亞洲冬盟#07  台灣海洋 vs 日職聯隊,Baseball
[討論] 有人看好中國聯賽嗎？,Baseball
[新聞] 美、日職搶人大戰！數支球隊態度積極要簽,Baseball
[新聞] spc-「台灣殺手」柳賢振有望進南韓隊？,Baseball
[新聞] 歐尼爾笑認「看到7億美元才知大谷翔平是,Baseball
[新聞] spc-mlb》2連霸被狠酸「砸錢買冠軍」 道,Baseball
[新聞] wbc／一大票日本球星尚未確定參賽！總教,Baseball
[新聞] 西武獅要林安可 2+1年合約總值1.25億,Baseball
[新聞] 林安可接棒大王 mit野手拚日職,Baseball
[新聞] wcy 去年遭釋出也被挖角!陳鴻文拒赴中國,Baseball
[新聞] wcy-林益全下一站在中國？多隊有興趣　不排除任何可能,Baseball
[問題] 大谷養狗學弟也要養嗎？,Baseball
[新聞] hamels、braun領銜　12人首度候選名人堂,Baseball
[新聞] mlb／2026名人堂入圍者曝光！共27人　200,Baseball
[新聞] spc-中國棒球聯賽明年開打！曹錦輝、林益全遭爆在名單中,Baseball
[新聞] 中職第3位赴日打者最具爆發力 「台製大砲,Baseball
[新聞] wcy-大谷翔平「巨額延後支付合約」再惹,Baseball
[新聞] spc-獨家》樂天宣布12月離開台灣　中職奪冠後首,Baseball
[新聞] mlb／3大主力投手掛傷兵！明年開季回不,Baseball
[live] 2025年黑豹旗32強賽 11/18賽程,Baseball
[新聞] 餅總團隊微調 高志綱請纓新任務,Baseball
[討論] 神全在中國打球看的到未來嗎,Baseball
[新聞] 林安可挑戰日職!日球迷想起王柏融、吳念,Baseball
[新聞] mlb／洛時揭道奇憂「還債」 對日籍三星,Baseball
[分享] 最新一個離開中職的首輪投手,Baseball
[新聞] spc-樂天桃猿被窮養原因曝！母公司公布1-9月財報「虧損高達1,Baseball
[分享] 中日隊 森博人改簽育成合約 年薪400萬日圓,Baseball
[分享] 歷史上的今天-12強台澳戰 台灣確定晉級,Baseball
[新聞] 西武獲「混血王子」議約權 日媒分析將在,Baseball
[新聞] spc-mlb》g7奇蹟追平轟獲封世界大賽英雄,Baseball
[新聞] 冬盟》日籍教練說投球像徐若熙 台鋼19歲,Baseball
[新聞] 冬盟》王念好致勝打韓職 台灣海洋隊2連勝,Baseball
[分享] 村上宗隆逐年面對150以上速球表現,Baseball
[新聞] 黑豹旗 本週進入16強 首戰平鎮高中強碰,Baseball
[情報] 20251118亞洲冬季棒球聯盟預告先發,Baseball
[分享] 高橋光成可能只有小聯盟約? 村上拿短約?,Baseball
[分享] 大島洋平 減薪4000萬日圓,Baseball
[分享] 日本一與中職冠軍的黃色平衡,Baseball
[情報] 洋基簽ryan yarbrough / 教士簽kyle hart,Baseball
[情報] fa捕手伊藤光加入樂天金鷲,Baseball
[新聞] 外野天團解體 獅一定要留蘇智傑,Baseball
[新聞] 中職／不知何時再見古久保！林立談樂天桃,Baseball
[新聞] 冬盟》平鎮高中的強悍他最知道 日本名投,Baseball
[情報] 西武獲得林安可議約權,Baseball
[新聞] 高國慶接一軍三壘教練 扮演更重要角色的,Baseball
[新聞] 明年是否打經典賽 林立要評估身體狀況,Baseball
[新聞] 中職》日媒熱議台灣主砲林安可挑戰日職 日本球迷憂心,Baseball
[情報] 山本由伸愛犬carlos曾嚇跑入侵的劫匪,Baseball
[分享] 細川成也下季加薪3800萬（年薪1.3億）,Baseball
[討論] 無預警把奪冠功臣thank you,Baseball
[問題] 為何中日龍的人氣如此之高？,Baseball
[討論] 當年味全龍三連霸卻解散有多震驚,Baseball
[討論] 為什麼會有隊伍選擇奪冠後馬上放走fmvp,Baseball
[新聞] 中國cpb聯賽將開打 傳台灣投、打重量級球,Baseball
[情報] 泡菜粥,Baseball
[新聞] 冬盟》韓職聯隊相隔6年來台 教頭認為台灣,Baseball
"[分享] 阪神洋投beasley,hartwig成為自由契約球員",Baseball
[討論] 為什麼中華職棒不要林益全？,Baseball
[新聞] 經部推電子好球帶「台灣鷹眼」誤差小於1公分　精準度直逼美,Baseball
[新聞] 台灣1強項走得比日本更前面 韓籍教頭看,Baseball
[討論] 林安可第一年打什麼成績及格？,Baseball
[新聞] 中職》林安可轉戰日職 統一獅火力缺口怎,Baseball
[新聞] 日職》還沒有純本土打者在日職成功 林,Baseball
[分享] 2025 cpbl各隊球季後異動&活動-11/17,Baseball
[新聞] ysf-林安可旅日在即！球探：可望扛西武,Baseball
[新聞] 道奇5億年薪外野手季後賽全面棄用　康佛,Baseball
[live] 2025亞洲冬盟#06 台灣海洋 vs 韓職聯隊,Baseball
[新聞] spc-中職》兄弟將派3人參加日本冬盟！ 2,Baseball
[分享] 林安可2025年各球種打擊率、長打率,Baseball
[新聞] 冬盟》日本社會人153公里火球男猛k日職,Baseball
[新聞] 中職》胡金龍接任一軍助理打教 統一盼以,Baseball
[新聞] 超豪華教練團！本土「血統純正」一、二軍,Baseball
[分享] 樂天桃猿fb 11/22封王遊行yt首播,Baseball
[新聞] 明年可以看到「嘟嘟」上丘換投了！潘威倫,Baseball
[新聞] 冬盟》罕見！南韓隊四番打完日韓賽趕來台,Baseball
[問題] 假如入札談約失敗，球員能找其他隊談嗎,Baseball
[討論] 如果林安可打出成績 可以開啟林立的門嗎,Baseball
[新聞] 林安可加盟西武等宣布　可望談妥2+1年合,Baseball
[新聞] 棒球》「我其實前途一片黑暗」威廉波特冠,Baseball
[問題] 林安可在日職的模板是？,Baseball
[新聞] 日職》林安可「獅」在必得！ 旅日入札金,Baseball
[討論] 明年中職是不是要有一票外掛洋投了,Baseball
[討論] 張育成看到安可薪水高 會不會後悔沒旅日?,Baseball
[新聞] occ/wbc》徵召大谷翔平…等日本大聯盟,Baseball
[新聞] 樂天開5年以上約留人 林立不排斥單年或複數年,Baseball
[新聞] 林立談古久保健二被卸任：「還是要繼續在,Baseball
[新聞] 養傷、打國際賽之間的拉鋸　林立：我會,Baseball
[新聞] 中職／林立把受傷當做朋友面對 經典賽讓,Baseball
[新聞] 「讀大學讓我更沈穩」林立分享成長心法,Baseball
[分享] 奶哥x : 林安可加入西武獅,Baseball
[新聞] 林安可申請旅外入札 日職西武獅取得議約,Baseball
[新聞] 今年春訓才代掌獅兵符 郭俊佑明年要當,Baseball
[新聞] 統一教練團異動 高志綱轉任一、二軍總,Baseball
