doc_id,board,title,tokens
670630,stock,[情報] 113/11/12 八大公股銀行買賣超排行,"113,11,12,八大,公股,銀行,買賣,超,排行"
116739,Baseball,[新聞] 引誘球太多非好事 容易消耗投手球威,"引誘,球,太多,非,好事,容易,消耗,投手,球威"
26225,Baseball,[新聞] 悍將凍結獅隊封王燈號m4 魔力藍第4勝,"悍將,凍結,獅隊,封王,燈號,m4,魔力,藍,第,4,勝"
777735,stock,[新聞] panasonic 傳退出半導體事業 賣給台灣新,"panasonic,傳,退出,半導體,事業,賣給,台灣,新"
288500,c_chat,[閒聊] 葛木老師帶caster強化，能單刷無限城嗎,"葛木,老師,帶,caster,強化,能,單刷,無限,城"
256894,c_chat,[閒聊] 夜帷有i 應該更適合佛傑家吧,"夜,帷,有,i,應該,更,適合,佛傑,家"
234145,Boy-Girl,[公告] crazym 水桶公告,"crazym,水桶,公告"
146316,Baseball,[討論] 難道只有我覺得大聯盟計時器時間太短嗎？,"難道,我,覺得,大聯盟,計時器,時間,太,短"
772408,stock,[請益]  00672l 油正二這樣算出老千嗎？,"00672,l,油正二,這樣,算出,老千"
107473,Baseball,[分享] 數據三冠王 中日馬丁尼茲證明央聯最強,"數據,三冠王,中日,馬丁尼茲,證明,央聯,最"
709715,stock,[新聞] 英減稅計畫 美財政部藉imf施壓特拉斯政府,"英,減稅,計畫,美,財政部,藉,imf,施壓,特拉,斯,政府"
776809,stock,[新聞] 半導體市值今年增4.15兆元 台積電貢獻最大,"半導體,市值,今年,增,4.15,兆元,台積電,貢獻,最,大"
571998,Military,[新聞] ffg(x)中獎名單,"ffg,x,中獎,名單"
91161,Baseball,[問題] 昨天澄清湖外野未開放的原因？,"昨天,澄清湖,外野,未,開放,原因"
619319,pc_shopping,[請益] 監視器主機 群達vs昇銳,"監視器,主機,群達,vs,昇,銳"
442537,hatepolitics,[討論] 實質影響力說的完全勝利,"實質,影響力,說,完全,勝利"
33326,Baseball,[情報] 今日 aaron judge,"今日,aaron,judge"
31244,Baseball,[新聞] 「台灣隊長」聊台語失言遭炎上　陳傑憲社,"台灣,隊長,聊,台語,失言,遭炎,上,陳傑憲,社"
98246,Baseball,[新聞] 大谷翔平翻譯水原一平涉賭 道奇證實開,"大谷翔平,翻譯,水原,一平,涉賭,道奇,證實"
229338,Boy-Girl,[心情] 十年的感情究竟暗藏什麼..,"十年,感情,究竟,暗藏,什麼"
244067,c_chat,[公主] 貼貼鏡華（泳裝）。,"貼貼,鏡華,泳裝"
530039,Lifeismoney,[情報] hola點數到期,"hola,點數,到期"
631405,pc_shopping,[情報] intel cc150 8c16t 客製版 i7效能i5功耗,"intel,cc150,8,c16t,客製,版,i7,效能,i5,功耗"
27824,Baseball,[分享] 20年前的今天，達比修有 初登板,"20,年前,今天,達比修有,初登板"
588651,pc_shopping,[開箱] antec c5 argb,"antec,c5,argb"
208524,Boy-Girl,[心情] 是不是被發好人卡,"是,不,是,發,好人卡"
750951,stock,[新聞] 快訊／蘇貞昌、陳時中確定帶頭施打az疫苗,"快訊,蘇貞昌,陳,時,中,確定,帶頭,施打,az,疫苗"
681597,stock,[情報] 2916 滿心公告訂定113年現金增資普通股,"2916,滿心,公告,訂定,113,年,現金,增資,普通股"
735542,stock,[新聞] 台塑生醫再申讓聯亞藥1819張股票 持股降至9.4%,"台塑,生醫,再,申讓,聯亞,藥,1819,張,股票,持股,降至,9.4"
571552,Military,[情報] uss ddg-121 frank e. petersen jr,"uss,ddg,121,frank,e,petersen,jr"
440018,hatepolitics,[討論] 徐國勇不是健康因素請辭內政部長嗎？,"徐國勇,不,是,健康,因素,請辭,內政部長"
231233,Boy-Girl,[心情] 報復的感覺,"報復,感覺"
471154,Lifeismoney,[情報] 7-11 open點數2023點數今天到期,"7,11,open,點數,2023,點數,今天,到期"
618032,pc_shopping,[菜單] 25k 內顯工作機,"25,k,內,顯,工作,機"
291816,c_chat,[母雞] 睦：祥，好甜,"睦,祥,好甜"
848939,Tech_Job,[請益] offer選擇,"offer,選擇"
6814,Baseball,[新聞] 中職／波賽樂對不到兄弟了…猿隊教頭解,"中職,波賽樂,不到,兄弟,猿隊,教頭,解"
795830,Tech_Job,[討論] 今天放假的公司多嗎?,"今天,放假,公司,多"
845149,Tech_Job,[請益] 畢業經歷規畫,"畢業,經歷,規畫"
167414,Baseball,[討論] 永田颯太郎先日職選秀這步蠻聰明的吧,"永田,太郎,先,日職,選秀,這,步,蠻,聰明"
732202,stock,[新聞] 長榮營收歷史新高!外資重申買進目標價185,"長榮,營收,歷史,新高,外資,重申,買進,目標價,185"
443263,hatepolitics,[新聞] 華郵：美擴大關稅談判範圍　促台追加國,"華郵,美,擴大,關稅,談判,範圍,促台,追加"
356893,c_chat,[情報] 2.5次元的誘惑 周邊新圖,"2.5,次,元,誘惑,周邊,新,圖"
291481,c_chat,[閒聊] 把自己國家的守護神送給別國 很蠢對吧?,"自己,國家,守護神,送給,別國,很蠢"
163032,Baseball,[live]2022爆米花棒球聯盟 11/22賽程（網路直播,"2022,爆米花,棒球,聯盟,11,22,賽程,網路,直播"
225844,Boy-Girl,[心情] 回到原點的關係?,"回到,原點,關係"
800746,Tech_Job,[新聞] 10年男友進台積電後性格丕變 她攬全部,"10,年,男友,台積電,後,性格,丕變,她,攬,全部"
353059,c_chat,[閒聊] 我的睦滋米漿怎麼那麼可愛,"我,睦滋,米漿,怎麼,那麼,可愛"
107175,Baseball,[新聞] 亞錦賽／加藤三範讚嘆大巨蛋 將帶著感激,"亞錦賽,加藤,三,範,讚嘆,大巨蛋,將,帶著,感激"
97251,Baseball,[炸裂] mike trout,"mike,trout"
398501,c_chat,[原神] 還有像原神這種遊戲機制設定很多卻不好,"還,有,像,原神,這種,遊戲,機制,設定,很多,卻,不好"
101414,Baseball,[情報] 金河成確定重返游擊防區、xb去二壘,"金河,成,確定,重返,游擊,防區,xb,去,二壘"
376535,c_chat,[閒聊] 超超超喜歡你100女友 動畫好有愛,"超超,超,喜歡,你,100,女友,動畫,好,有,愛"
360779,c_chat,[問題] 有進化後反而能力下降的寶可夢嗎？,"有,進化,後,能力,下降,寶,可,夢"
633195,pc_shopping,[公告] 有關 [閒聊] 本板業代猖狂，圖多注意(回覆：各家x570測試,"有關,本板,業代,猖狂,多,注意,回覆,各家,x570,測試"
277480,c_chat,[原神] 看女角會很在意有沒有乳溝嗎？,"看,女角,在意,有沒有,乳溝"
846522,Tech_Job,[請益] 新鮮人工作方向請益,"新鮮人,工作,方向,請益"
45561,Baseball,[新聞] 中華隊晉級經典賽形勢岌岌可危　球迷轟,"中華隊,晉級,經典賽,形勢,岌岌可危,球迷,轟"
765340,stock,[請益] 什麼是【瓶蓋股】,"什麼,是,瓶蓋,股"
481866,Lifeismoney,[情報] line points1點,"line,points1,點"
562414,Military,[提問] 中國打台灣時 必定會攻擊美日嗎？,"中國,打,台灣,必定,攻擊,美日"
130889,Baseball,[討論] 選秀林立放槍這件事還能被拿出來講多久,"選秀,林立,放槍,這件,事,還,能,拿出來,多久"
397041,c_chat,[蔚藍] 莉央跳跳箱,"莉,央,跳跳,箱"
82627,Baseball,[討論] 富邦這次帶部長回家需要花到一個億嗎？,"富邦,這次,帶,部長,回家,需要,花到,一個,億"
578999,pc_shopping,[情報] 技嘉雕妹公仔盲盒  ce601 aorus  大機殼,"技嘉,雕妹,公仔,盲盒,ce601,aorus,大,機殼"
307531,c_chat,[討論] 楓谷artale又出事啦！gm嗆玩家：不玩滾,"楓,谷,artale,又,出事,gm,嗆,玩家,不,玩,滾"
659319,stock,[心得] 美債20年下跌空間恐怕跌破眼鏡大家眼鏡,"美債,20,年,下跌,空間,恐怕,跌破,眼鏡,大家,眼鏡"
648707,pc_shopping,[感想] 有關監視器用的電腦一些想法,"有關,監視器,電腦,一些,想法"
379319,c_chat,[母雞] 祥子傷心總是難免的吧,"祥子,傷心,總是,難免"
605540,pc_shopping,[情報] nv的dlss支援超過200款，amd剛追到半山腰,"nv,dlss,支援,超過,200,款,amd,剛,追到,半山腰"
201642,Boy-Girl,[討論] 都是為我好,"都,是,我,好"
738947,stock,[請益] 面板三貓今天漲到爆的原因,"面板,三貓,今天,漲到,爆,原因"
72933,Baseball,[分享] mlb迄今30隊場均排行,"mlb,迄今,30,隊場,均,排行"
48050,Baseball,[分享] 台南球場休賽期間的整修,"台南,球場,休賽,期間,整修"
693528,stock,[新聞] 台中市查到「國產未來蛋」　盧秀燕：市場,"台中市,查到,國產,未來,蛋,盧秀燕,市場"
239070,Boy-Girl,[心情] 不適合愛人,"不,適合,愛人"
810788,Tech_Job,半導體戰記【劇本七】(上),"半導體,戰記,劇本,七,上"
303557,c_chat,[討論] 線上遊戲界最讓人知道的女角?,"線上,遊戲界,最,讓,人,知道,女角"
83667,Baseball,[討論] 大家會選擇當職棒裁判的工作嗎？,"大家,選擇,職棒,裁判,工作"
244203,c_chat,[閒聊] 香港邦粉原地畢業,"香港,邦,粉,原地,畢業"
105907,Baseball,[討論] 大巨蛋舉辦2025mlb海外賽機會大!?,"大巨蛋,舉辦,2025,mlb,海外賽,機會,大"
398710,c_chat,[死神] 萬物貫通到底???,"萬物,貫通,到底"
291588,c_chat,[百合] 你姬最強陰角辣妹3 8/18震撼全球 ！已發,"你,姬,最,強,陰角,辣妹,3,8,18,震撼,全球,已,發"
475560,Lifeismoney,[情報] line禮物  711滿45折10,"line,禮物,711,滿,45,折,10"
666706,stock,[新聞] 焦點股／8天飆逾50%！力積電今翻臉觸跌,"焦點,股,8,天飆,逾,50,力積,電,今,翻臉,觸跌"
382673,c_chat,[阿北] 中二小祥有編劇的才能嗎?,"中二,小祥,有,編劇,才能"
170555,Baseball,[情報] 詹子賢 再見安打,"詹子賢,再見,安打"
388281,c_chat,[問題] 黑白妹能關閉對話框嗎？,"黑白,妹能,關閉,對話,框"
372646,c_chat,[討論] 有沒有變成蘿莉的大叔 ？,"有沒有,變成,蘿莉,大叔"
219742,Boy-Girl,[心情] 十年情。分手為什麼不做朋友,"十年,情,分手,為什麼,不,做,朋友"
702873,stock,[新聞] 大摩喊台積電 目標價700元,"大摩,喊,台積電,目標價,700,元"
280056,c_chat,[絕區] 柚葉和愛麗絲貼貼,"柚葉,愛麗絲,貼貼"
736061,stock,[情報] 台光電h1:6.65,"台,光電,h1,6.65"
716896,stock,[情報] 111年05月23日信用交易統計,"111,年,05,月,23,日,信用,交易,統計"
679658,stock,[新聞] 德韓共同目標 擺脫中國依賴,"德,韓,共同,目標,擺脫,中國,依賴"
74870,Baseball,[炸裂] 吳念庭,吳念庭
638863,pc_shopping,[菜單] 20k 遊戲機,"20,k,遊戲機"
665965,stock,[情報] 114年02月14日 三大法人買賣金額統計表,"114,年,02,月,14,日,三大,法人,買賣,金額,統計表"
179451,Baseball,[情報] 今日gerrit cole/luis castillo,"今日,gerrit,cole,luis,castillo"
560225,Military,[新聞] 南韓空軍kf-16戰隊赴澳軍演 將首次單獨,"南韓,空軍,kf,16,戰隊,赴澳,軍演,將,首次,單獨"
764705,stock,[標的] 台積電 2330 多,"台積電,2330,多"
256809,c_chat,[pm] za 天梯a級 巨金怪自爆流心得,"za,天梯,a,級,巨金,怪自,爆流,心得"
171339,Baseball,[新聞] 力邀2台裔大聯盟球星參加經典賽 費爾柴德,"力邀,2,台裔,大聯盟,球星,參加,經典賽,費爾,柴德"
484839,Lifeismoney,[情報] moroccanoil 摩洛哥優油100ml  $764,"moroccanoil,摩洛哥,優油,100,ml,764"
398006,c_chat,[閒聊] 碧藍航線 幻想號 asmr  0元下載,"碧藍,航線,幻想,號,asmr,0,元,下載"
283171,c_chat,[蔚藍] エリ的帽子　劇情疑問,"エ,リ,帽子,劇情,疑問"
671231,stock,[情報] 1730 花仙子 113年第3季合併財務報告,"1730,花,仙子,113,年,第,3,季,合併,財務,報告"
721737,stock,[新聞] 外資降7半導體目標價 台積電下調至855元,"外資,降,7,半導體,目標價,台積電,下,調至,855,元"
584147,pc_shopping,[閒聊] 某屋清關預售5090已賣完,"某,屋,清關,預售,5090,已,賣完"
230367,Boy-Girl,[求助] 我到底該不該繼續約下去....?,"我,到底,該不該,繼續,約,下去"
718016,stock,[新聞] 美fed升息聲明變化,"美,fed,升息,聲明,變化"
340150,c_chat,[青豬] 理央哪裡不如上里？,"理央,哪裡,上里"
805801,Tech_Job,[討論] 台積電最大敵人美國政府?,"台積電,最,大,敵人,美國,政府"
813862,Tech_Job,[請益] 猛男科技,"猛男,科技"
58655,Baseball,[live] 2024世界12強 墨西哥 vs 荷蘭 a組預賽#12,"2024,世界,12,強,墨西哥,vs,荷蘭,a,組,預賽,12"
240279,c_chat,[閒聊] 出大事 原田勝弘《鐵拳》離職,"出,大事,原田,勝,弘,鐵拳,離職"
33659,Baseball,[情報] cpbl 5/13球員異動,"cpbl,5,13,球員,異動"
844337,Tech_Job,[討論] 請問4334輪班制,"請問,4334,輪班制"
330891,c_chat,[25春] 狩獵史萊姆三百年 s2 05 上學,"狩獵,史萊姆,三百年,s2,05,上學"
420771,hatepolitics,[討論] 所以記者到底是不是國蔥養的啊？,"記者,到底,是,不,是,國,蔥養"
280856,c_chat,[閒聊] 有作品是被動畫毀掉的嗎？,"有,作品,是,動畫,毀掉"
69403,Baseball,[新聞] u18亞青／陳睦衡休息3天再上場　台灣教頭,"u18,亞青,陳睦衡,休息,3,天,再,上場,台灣,教頭"
221295,Boy-Girl,[求助] 請問我下一步該怎麼做???????,"請問,我,下一步,該,怎麼,做"
594874,pc_shopping,[情報] 鬼屋 acer xv272u rv $7188,"鬼屋,acer,xv272u,rv,7188"
752940,stock,[標的] 群創 多更多,"群創,多,更多"
330078,c_chat,[鳴潮] 關於卡提雙型態,"關於,卡提,型態"
223023,Boy-Girl,[求助] 女朋友這樣的問題跟回答代表什麼?,"女朋友,這樣,問題,回答,代表,什麼"
687421,stock,[新聞] 台積電救世主到！熊本出現「小台灣」　日,"台積電,救世主,到,熊本,出現,小,台灣,日"
523610,Lifeismoney,[情報] 下載dickies taiwan app 領折價卷$300,"下載,dickies,taiwan,app,折價,卷,300"
414970,hatepolitics,[討論] 為什麼台中非自然死亡這麼多？,"為什麼,台中,非,自然,死亡,這麼多"
674222,stock,[情報] 2883開發金8月自結0.11 累計1.57,"2883,開發金,8,月,結,0.11,累計,1.57"
481266,Lifeismoney,[情報] 01/14「高雄」捐血送全聯禮券500,"01,14,高雄,捐血,送全,禮券,500"
149811,Baseball,[新聞] 古巴今晚戰澳洲!運彩最高賠率飆到22倍 這,"古巴,今晚,澳洲,運彩,最,高,賠率,飆到,22,倍"
277856,c_chat,[閒聊] 喜歡遊戲把真結局藏在最高難度裡嗎？,"喜歡,遊戲,真,結局,藏,最,高難度,裡"
146413,Baseball,[問題] 促請裁決不能挑戰是今年中職新戰點嗎？,"促請,裁決,不能,挑戰,是,今年,中職新,戰點"
258716,c_chat,[閒聊] 為什麼王者天下動畫會越做越好啊?,"為什麼,王者,天下,動畫,會,越,做,越,好"
781340,stock,[新聞] 空服罷工衝擊 長榮航q2將認列逾8億元,"空服,罷工,衝擊,長榮航,q2,將,認列,逾,8,億元"
588780,pc_shopping,[情報] 聯力中國推a3-matx 類ap201簡約好看$1.8k,"聯力,中國,推,a3,matx,類,ap201,簡約,好看,1.8,k"
565297,Military,[討論] 俄烏戰爭第三天的啟示,"俄烏,戰爭,第三天,啟示"
275614,c_chat,[40k]  作文題目 我爸爸是帝皇要怎麼寫？,"作文,題目,我,爸爸,是,帝,皇,要,怎麼"
783463,stock,[新聞] 快訊-川普停止印度發展中國家普惠制待遇,"快訊,川普,停止,印度,發展,中國,家,普惠,制,待遇"
613125,pc_shopping,[菜單] 40k-45k遊戲/實況/看4k影片,"40,k,45,k,遊戲,實況,看,4,k,影片"
449365,hatepolitics,[討論] 台北這次藍委就李彥秀跟賴士葆相對好？,"台北,這次,藍委,就,李彥秀,賴士葆,相對,好"
612021,pc_shopping,[請益] 請問這台破電腦還能插記憶體嗎,"請問,這,台,破,電腦,還,能,插,記憶體"
418921,hatepolitics,[討論] 藍白兩黨就是可悲在這裡 中共介選是新聞?,"藍白,兩黨,就是,可悲,這裡,中共,介選,是,新聞"
379698,c_chat,[bgd] 爽世對睦有生氣的反應和立場很合理吧？,"爽,世,睦,有,生氣,反應,立場,合理"
230057,Boy-Girl,[求助] 困在裡面走不出來,"困在,裡面,走,不,出來"
145051,Baseball,[新聞] 天使總管滿意牛棚,"天使,總管,滿意,牛棚"
534413,Lifeismoney,[情報] prof.tk化妝水六入組特價,"prof,tk,化妝水,六,入組,特價"
517615,Lifeismoney,[情報]古拉爵優惠券,"古拉爵,優惠券"
95325,Baseball,[討論] 伍祐城的首勝球 被葉保弟拋給球迷,"伍,城,首勝球,葉保弟,拋給,球迷"
792658,Tech_Job,[新聞] 看到短裙女就會興奮！新北工程師凍抹條,"看到,短裙,女,就,會,興奮,新北,工程師,凍抹條"
49405,Baseball,[新聞] 新星張峻瑋暖心返鄉 回饋母校卑南國中,"新星,張峻瑋,暖心,返鄉,回饋,母校,卑南,國中"
114975,Baseball,[問題] 今年年初經典賽投手徵召？,"今年,年初,經典賽,投手,徵召"
160265,Baseball,[新聞] 味全龍布局「雙本土首席」高須洋介接手打,"味全龍,布局,本土,首席,高須,洋介,接手,打"
658067,stock,[情報] 0609 上市櫃股票週轉率排行,"0609,上市櫃,股票,週轉率,排行"
167753,Baseball,[live] (mlb) cle @ nyy 2022美聯分區系列戰 g5,"mlb,cle,nyy,2022,美聯,分區,系列戰,g5"
830729,Tech_Job,[討論] 台灣有那些科技樹???,"台灣,有,那些,科技"
713681,stock,[請益] 網紅吸金代操的合法性,"網紅吸金,代操,合法性"
442786,hatepolitics,[討論] 別再拿蔡英文上任一年跟賴清德比,"別,再,拿,蔡英文,上任,一年,賴清德"
625523,pc_shopping,[菜單] 70k內 專門剪片,"70,k,內,專門,剪片"
66613,Baseball,[情報] npb 9/24 預告先發,"npb,9,24,預告,先發"
403577,hatepolitics,[討論] 藍白可以不要死要面子了嗎？,"藍白,不要,死要面子"
400276,c_chat,[奶子] 西國頂尖間諜今日恐命喪於此,"西國,頂尖,間諜,今日,恐,命喪,於此"
624977,pc_shopping,[菜單] 13k文書影音機,"13,k,文書,影音,機"
490910,Lifeismoney,[情報] 鮮芋仙 外帶外送優惠 -7/15,"鮮芋仙,外帶,外送,優惠,7,15"
554955,Military,[新聞] 戰術行軍磨練召員意志　熟稔作戰環境,"戰術,行軍,磨練,召員,意志,熟稔,作戰,環境"
263736,c_chat,[閒聊] 本月的kirara 有交尾,"本月,kirara,有,交尾"
580242,pc_shopping,[菜單] 54k遊戲機(修改),"54,k,遊戲機,修改"
12038,Baseball,[分享] mlb排名,"mlb,排名"
713473,stock,[新聞] 避免淨值危機 潤泰雙雄：q2投資性不動產,"避免,淨值,危機,潤泰,雙雄,q2,投資性,不動產"
755888,stock,[其他] 元大金控公告109年12月份自結合併損益,"元大金控,公告,109,年,12,月份,結合併,損益"
120116,Baseball,[新聞] 人生邁入「3」字頭　王柏融祝自己生日,"人生,邁入,3,字頭,王柏融,祝,自己,生日"
714970,stock,[新聞] 環球晶將斥資50億美元在美國德州建造12吋,"環球晶,斥資,50,億美,元在,美國,德州,建造,12,吋"
563193,Military,[分享] 美宣佈新8億軍援含數十門榴彈砲及無人機,"美,宣佈,新,8,億,軍援,含,數十,榴彈砲,無,人機"
787515,stock,"[新聞] 福特汽車中國廠傳將裁員2,000人 因中國銷","福特,汽車,中國廠,傳將,裁員,2,000,人,中國"
279896,c_chat,[馬娘] 訓練員用淋浴間(附洗衣間)(安全嗎？),"訓練員,淋浴,附,洗衣,安全"
806100,Tech_Job,[新聞] vivo自研isp晶片竟是面板驅動晶片龍頭,"vivo,研,isp,晶片,竟是,面板,驅動,晶片,龍頭"
672240,stock,[新聞] 前美國貿易代表賴海哲傳透露 川普當選後,"前,美國,貿易,代表,賴海,哲傳,透露,川普,當選,後"
356814,c_chat,[閒聊] p的謊言 二周目 到歌劇院,"p,謊言,二周,目,到,歌劇院"
116970,Baseball,[分享] 軟銀二軍優勝  但有個畫面怪怪的...,"軟銀,二軍,優勝,有個,畫面,怪怪"
307869,c_chat,[絕區] 儀玄很熱,"儀玄,很,熱"
456005,hatepolitics,[黑特] 延會保護傘是要保護誰啊？,"延會,保護傘,是,要,保護,誰"
165840,Baseball,[分享] 火腿隊 新主場中文形象影片,"火腿隊,新,主場,中文,形象,影片"
475888,Lifeismoney,[情報] line禮物 麥當勞滿45省10元優惠券,"line,禮物,麥當勞,滿,45,省,10,元,優惠券"
3402,Baseball,[新聞] 林岱安、蘇智傑接連宣告fa!蘇泰安展現誠,"林岱,安,蘇智傑,接連,宣告,fa,蘇泰安,展現,誠"
757327,stock,[新聞] 鴻海：台灣要掌握量子科技 再創半導體奇,"鴻海,台灣,要,掌握,量子,科技,再,創,半導體,奇"
754793,stock,[標的] 每天開盤買台積電當沖勝率接近100%？,"每天,開盤,買,台積電,勝率,接近,100"
276293,c_chat,[活俠] 有人在等魏菊線的嗎,"有人,魏菊線"
525031,Lifeismoney,[情報] honeywell 空氣濾淨器買一送一,"honeywell,空氣,濾淨器,買一送一"
799140,Tech_Job,[新聞] 半導體大咖 喊人才短缺,"半導體,大咖,喊,人才,短缺"
187331,Boy-Girl,[討論] 可以接受戴前任戴過的安全帽嗎,"接受,戴,前任,戴,過,安全帽"
532478,Lifeismoney,[情報] momo 3c/家電折價券-會員獨享獎學金,"momo,3,c,家電,折價券,會員,獨享,獎學金"
111579,Baseball,[新聞] 過去38年只發生過1次　響尾蛇力拚絕境,"過去,38,年,只,發生,過,1,次,響尾蛇,力拚,絕境"
655817,stock,[情報] 0725 上市投信買賣超排行,"0725,上市,投信,買賣,超,排行"
313054,c_chat,[閒聊] 自組pc的難度大概在哪裡？,"自組,pc,難度,大概,哪裡"
670130,stock,[請益]  美金進場,"美金,進場"
532459,Lifeismoney,[情報] 聯合文學贈送[約他去看絕世雪景]40張影票,"聯合文學,贈送,40,張,影票"
638694,pc_shopping,[菜單] 50k a家香香機菜單,"50,k,a,家,香香,機,菜單"
208601,Boy-Girl,[討論] 男生還是女生要翻馬桶蓋,"男生,還是,女生,要,翻,馬桶蓋"
160263,Baseball,[分享] 中職打者票選誰直球最難打,"中職,打者,票選,直球,最難,打"
392196,c_chat,[閒聊] 和真幫阿克婭穿衣服,"真,幫,阿克,婭,穿,衣服"
799715,Tech_Job,[請益] 轉職請益,"轉職,請益"
169396,Baseball,[情報] 韓職10/9先發(天王三之戰未完),"韓職,10,9,先發,天,王三,戰,未,完"
565718,Military,[情報] 朱明的輕巡防艦消息,"朱明,輕,巡防艦,消息"
816618,Tech_Job,[新聞] 台積7奈米夯 下半年滿載,"台積,7,奈米,下半年,滿載"
556255,Military,[新聞] ｢美國把台當棋子論點臭如臭豆腐｣ 博明,"｢,美國,台,當,棋子,論點,臭,如,臭豆腐,｣,博明"
599,Baseball,[新聞] 山本由伸赴湖人主場觀戰 收穫18號特製球,"山本,伸赴,湖人,主場,觀戰,收穫,18,號,特製,球"
628181,pc_shopping,[情報] 海盜發布b-die白色版 dominator platinum,"海盜,發布,b,die,白色,版,dominator,platinum"
340017,c_chat,[vtub] うのう(右腦)/misumi 魔物獵人 荒野#7,"う,の,う,右腦,misumi,魔物,獵人,荒野,7"
512467,Lifeismoney,[情報] 台哥大每月登入會員領5好禮,"台哥大,每月,登入,會員,領,5,好禮"
20422,Baseball,[情報] 明日u12繼續閉門舉行、澄清湖延賽,"明日,u12,繼續,閉門,舉行,澄清湖,延賽"
117301,Baseball,[炸裂] 若月健矢,若月健矢
380731,c_chat,[vtub] ノア・ポラリス 250同接耐久歌回,"ノ,ア,・,ポ,ラ,リ,ス,250,耐久,歌,回"
846151,Tech_Job,[聘書] offer選擇(umc asus),"offer,選擇,umc,asus"
322566,c_chat,[蔚藍] 渚醬拉麵,"渚,醬,拉麵"
251189,c_chat,[閒聊] 碧藍航線的營運策略不會很矛盾嗎？,"碧藍,航線,營運,策略,不會,矛盾"
60738,Baseball,[分享] 2024 cpbl自由球員,"2024,cpbl,自由球員"
252678,c_chat,[問題] 哈利波特第7集關於哈利魔杖的問題？,"哈利波特,第,7,集,關於,哈利,魔杖,問題"
595059,pc_shopping,[情報] 技嘉4080 aero白色版 $37990暑假快閃價,"技嘉,4080,aero,白色,版,37990,暑假,快,閃價"
82582,Baseball,[分享] mlb排名,"mlb,排名"
89814,Baseball,[分享] 今日 勝騎士,"今日,騎士"
767621,stock,[新聞] 晶片需求旺！美光調升財測 股價飆漲近8%,"晶片,需求,旺,美光,調升,財測,股價,飆漲,近,8"
509724,Lifeismoney,[情報] line points 1+1,"line,points,1,1"
72574,Baseball,[討論] 遇到往身體方向的快速球要如何能保護自己,"遇到,身體,方向,快速球,要,如何,能,保護,自己"
797712,Tech_Job,[討論] 很多公司是不是會先把亞斯伯格的人篩選掉?,"很多,公司,是,不,是,會,先,亞斯伯格,人,篩選"
558721,Military,[新聞] 各國搶購f35戰機 美對台最新軍援也見f35,"各國,搶購,f35,戰機,美,對台,最,新,軍援,也,見,f35"
803200,Tech_Job,[請益] 技嘉網通業務面試,"技嘉,網通,業務,面試"
131869,Baseball,[分享] 統一獅隊上一次奪得上半季冠軍,"統一獅隊,上,一次,奪得,上半季,冠軍"
134628,Baseball,[新聞] 曾總談桃猿崩盤癥結點 聽聞算「ｍ幾」就輸,"曾,總談,桃猿,崩盤,癥結點,聽聞,算,ｍ,就,輸"
691942,stock,[新聞] 外銀估新台幣將貶到33元 楊金龍證實「央,"外銀,估,新台幣,將,貶到,33,元,楊金龍,證實,央"
498496,Lifeismoney,[情報] 路易莎外帶88折,"路易,莎,外帶,88,折"
576652,Military,[情報] 輕型戰術輪車量產了,"輕型,戰術,輪車,量產"
173148,Baseball,[分享] 今日 大野雄大,"今日,大野,雄大"
278042,c_chat,[閒聊] 20鎂=328台?,"20,鎂,328,台"
553445,Military,[分享] 烏軍總司令扎盧近月的謠言追溯,"烏軍,總司令,扎盧,近月,謠言,追溯"
636202,pc_shopping,[閒聊]  3c電腦展值得逛嗎？,"3,c,電腦展,值得,逛"
443812,hatepolitics,[討論] 4萬個失業勞工上街抗議 賴皮會說甚麼?,"4,萬個,失業,勞工,上街,抗議,賴皮,會,說,甚麼"
222153,Boy-Girl,複雜的感情世界,"複雜,感情,世界"
565631,Military,[討論] 為何台灣的軍武風氣越來越弱,"為何,台灣,軍武,風氣,越來越,弱"
792115,Tech_Job,[新聞] 英特爾開鍘了 第一波裁減總部107個職位,"英特爾,開鍘,第一,波,裁減,總部,107,個,職位"
765549,stock,[新聞] 慘！死越多人…美股越噴 專家爆背後有大,"死,越,多,人,美股,越,噴,專家,爆,背後,有,大"
723526,stock,[心得] 台股休市期間美股累計漲跌點,"台股,休市,期間,美股,累計,漲跌"
210957,Boy-Girl,[求助] 是我想太多了..還是被他放生,"是,我,想,太多,還是,他,放生"
747731,stock,[討論] 現在怎麼選股,"現在,怎麼,選股"
326973,c_chat,[閒聊] 富野現在噁心觀眾會不會弄到炎上？,"富野,現在,噁心,觀眾,會不會,弄到,炎,上"
418493,hatepolitics,[新聞] 「嗨～又見面了」騷擾不斷！楊寶楨國慶,"又,見面,騷擾,不斷,楊寶楨,國慶"
704458,stock,[新聞] 日本duv恐斷供 中國晶片製程將退至45奈米,"日本,duv,恐斷,供,中國,晶片,製程,將,退至,45,奈米"
681590,stock,[情報] 0524 scfi 指數 2703.43 (+182.67),"0524,scfi,指數,2703.43,182.67"
391678,c_chat,[死神] 白哉未免太怕了吧？,"白哉,未免,太,怕"
459502,hatepolitics,[公告] sunyeah 挖ㄟ馬幾底堆~rj好友水桶觀賞遊行,"sunyeah,挖,ㄟ,馬,幾底,堆,~,rj,好友,水桶,觀賞,遊行"
542856,Military,[情報] 烏俄戰爭-isw戰報（20250222）,"烏俄,戰爭,isw,戰報,20250222"
473542,Lifeismoney,[情報] uber 七月優惠碼統整,"uber,七月,優惠,碼,統整"
126882,Baseball,[新聞] 悍將伍茲「開箱」狂失7分 桃猿休9天依舊,"悍將,伍茲,開箱,狂失,7,分,桃猿,休,9,天,依舊"
260056,c_chat,[閒聊] 健身環發售六週年 大家都破到哪了,"健身,發售,六,週年,大家,都,破到,哪"
235709,Boy-Girl,[求助] 相處間的共同興趣很重要嗎 ?,"相處,間,共同,興趣,重要"
67136,Baseball,[新聞]林立看大谷「50轟、50盜」明年可能加個50,"林立,看,大谷,50,轟,50,盜,明年,可能,加,個,50"
354623,c_chat,[母雞] 初華如果是男的是不是很噁,"初華,是,男,是,不,是,很,噁"
22056,Baseball,[新聞] 魔鷹喪妻美墨棒壇致哀 前隊友：全家天生,"魔鷹,喪妻,美墨,棒壇,致哀,前,隊友,全家,天生"
617029,pc_shopping,[菜單] 40k/遊戲直播機,"40,k,遊戲,直播,機"
580971,pc_shopping,[請益] 這樣的空間選擇wifi路由器,"這樣,空間,選擇,wifi,路由器"
241397,c_chat,[蔚藍] 德克斯特的研討會裡,"德克,斯特,研討會"
617167,pc_shopping,[請益] amd 3700x 主機板搭配,"amd,3700,x,主機板,搭配"
230999,Boy-Girl,[心情] 關於前女友的感情狀況,"關於,前,女友,感情,狀況"
7540,Baseball,[新聞] mlb／「朗希劇場」首映幸好喜劇收場 道奇,"mlb,朗希,劇場,首映,幸好,喜劇,收場,道奇"
74441,Baseball,[情報] 中信兄弟火影忍者主題日熱區進場贈品,"中信,兄弟,火影忍者,主題日,熱區,進場,贈品"
742375,stock,[新聞]筆電需求升溫 今年台灣pc市場維持正成長,"筆電,需求,升溫,今年,台灣,pc,市場,維持,正成長"
661902,stock,[情報] 0410 上市投信買賣超排行,"0410,上市,投信,買賣,超,排行"
61733,Baseball,[分享] 讀賣巨人隊洋投 alberto baldonado將續留,"讀賣,巨人隊,洋投,alberto,baldonado,將,續留"
240167,c_chat,[蔚藍] 泡澡真紀,"泡澡,真紀"
70674,Baseball,[分享] 今日蘇智傑,"今日,蘇智傑"
32938,Baseball,[新聞] 中職》被交易後打出富邦紀錄 外籍教練看,"中職,交易,後,打出,富邦,紀錄,外籍,教練,看"
346594,c_chat,[母雞] 整季心得-或許我就是腦迴路驚奇吧,"整季,心得,或許,我,就是,迴路,驚奇"
74299,Baseball,[新聞] 回鄉1局飆2k 張奕首拿中繼成功,"回鄉,1,局飆,2,k,張奕,首,拿,中繼,成功"
539270,Military,[情報] 川普說老婆晚上都在家酸他被普丁耍,"川普,老婆,晚上,都,家酸,他,普丁,耍"
249671,c_chat,[情報] 公主連結 不好了 可可蘿她……,"公主,連結,不,好了,可,可蘿,她"
292116,c_chat,[vtub] 8/3同接鬥蟲,"8,3,同接,鬥蟲"
701618,stock,[情報] 4/6全市場當沖虧損最多的股票,"4,6,全,市場,虧損,最多,股票"
509120,Lifeismoney,[情報] 運動鞋滿2000再8折,"運動鞋,滿,2000,再,8,折"
224713,Boy-Girl,[心情] 距離很近心卻很遠,"距離,很,近,心,卻,很遠"
565566,Military,[新聞] 美國研究加速交付f-16新戰機給台灣,"美國,研究,加速,交付,f,16,新,戰機,台灣"
138739,Baseball,[新聞] 王順和隨隊一軍　王維中20日投完視情況「,"王順,隨隊,一軍,王維中,20,日,投完,視,情況"
758649,stock,[請益] 申購股票扣款疑問,"申購,股票,扣款,疑問"
598925,pc_shopping,[菜單] 35k模擬器、看盤機,"35,k,模擬器,看盤,機"
604344,pc_shopping,[菜單] 12k 文書機,"12,k,文書,機"
495757,Lifeismoney,[情報] 蝦幣兌換全站折價券,"蝦幣,兌換,全站,折價券"
254907,c_chat,[閒聊] 勇者鬥惡龍1 怪物複數登場的場合,"勇者,鬥惡龍,1,怪物,複數,登場,場合"
822903,Tech_Job,[新聞] 中油拚轉型 攜手日本大廠打造電動車電池,"中油,轉型,攜手,日本,大,打造,電動車,電池"
496074,Lifeismoney,[情報]週末限定唯新藥妝 日本大王買一送一,"週末,限定,唯新,藥妝,日本,大王,買一送一"
846909,Tech_Job,[請益] 鴻海機構一問,"鴻海,機構,一,問"
426953,hatepolitics,[討論] 大安區立委住木柵嗎？,"大安區,立委,住,木柵"
199669,Boy-Girl,[求助] 告白禮物求幫鑑定,"告白,禮物,求,幫,鑑定"
98907,Baseball,[討論] 雷公的火球在中職吃得開嗎,"雷公,火球,中職,吃得開"
101639,Baseball,[專欄] 「從非科班到國家代表隊的棒球夢」專訪,"科班,到,國家,代表隊,棒球,專訪"
691137,stock,[情報] 112/11/20 八大公股銀行買賣超排行,"112,11,20,八大,公股,銀行,買賣,超,排行"
452109,hatepolitics,[討論] 公民團體不要再撕裂社會了好嗎,"公民,團體,不要,再,撕裂,社會,好"
371625,c_chat,[母雞] 第6集的初華,"第,6,集,初華"
444274,hatepolitics,[討論] 每月請款千萬請個自學無腦女,"每月,請款,千萬,請,個,自學,無腦,女"
431191,hatepolitics,[討論] 綠粉突然在幫藍營、國昌報不平了？！？！,"綠粉,突然,幫,藍營,國昌,不平"
489835,Lifeismoney,[情報] 台星app速食異業優惠,"台星,app,速食,異業,優惠"
764652,stock,[心得] 很久以前的標的,"久,以前,標的"
56802,Baseball,[分享] 自超級循環賽起 不提供低畫質免費頻道,"超級,循環賽,起,不,提供,低,畫質,免費,頻道"
706218,stock,[新聞] 高雄7奈米廠恐擱置 台積電擬在日本建7奈,"高雄,7,奈米,廠,恐,擱置,台積電,擬,日本,建,7,奈"
685341,stock,[新聞] 宏碁穩居菲國 pc 龍頭,"宏碁,穩,居,菲國,pc,龍頭"
677712,stock,[請益] 關於小台散戶淨多空,"關於,小台,散戶,多空"
103198,Baseball,[新聞] 中職》表現給每一隊看 張奕喊話要投出價值,"中職,表現,每,一隊,看,張奕,喊話,要,投出,價值"
63556,Baseball,[討論] 小房間沒有分割畫面能用嗎?,"小,房間,沒有,分割,畫面,能用"
422299,hatepolitics,[討論] 輝達落腳台北gg會影響章萬安大位嗎？,"輝達,落腳,台北,gg,會,影響,章,萬安,大位"
763747,stock,[心得] 台積426t的同袍來簽到,"台積,426,t,同袍,簽到"
355899,c_chat,[心得] 魔物獵人荒野加入別人救難任務好爽,"魔物,獵人,荒野,加入,別人,救難,任務,好爽"
839660,Tech_Job,[請益] layout 轉 3d,"layout,3,d"
114576,Baseball,[討論] 太空人跟遊騎兵誰才是德州第一,"太空人,遊騎兵,誰,才,是,德州,第一"
260844,c_chat,[蔚藍] 學生檔案－仁耶,"學生,檔案,－,仁耶"
200908,Boy-Girl,[心情] 想密不敢密的人,"想密,不敢,密,人"
199458,Boy-Girl,[求助] 女方不主動？,"女方,不,主動"
562475,Military,[分享] 《寰宇全視界》烏俄衝突合訂本 2/12-4/12,"寰宇,全,視界,烏俄,衝突,合訂,本,2,12,4,12"
470530,Lifeismoney,[情報] 必勝客 限店 大比薩+1.25l可樂199,"必勝客,限店,大,比薩,1.25,l,可樂,199"
146991,Baseball,[新聞] 富邦悍將開季沒戴培峰！球團回應最新傷,"富邦,悍將,開季,戴培峰,球團,回應,最,新傷"
442494,hatepolitics,[轉錄] 柯文哲fb 假證據excel工作簿,"柯文哲,fb,假,證據,excel,工作,簿"
192407,Boy-Girl,[討論] 為什麼恐怖情人層出不窮？,"為什麼,恐怖,情人,層出不窮"
292187,c_chat,[討論] 本月新網球王子 雙胞胎八點檔劇情,"本月,新,網球,王子,雙胞胎,八點檔,劇情"
485225,Lifeismoney,[情報] acer swift 3超薄筆電折2千,"acer,swift,3,超薄,筆電,折,2,千"
262050,c_chat,[孤獨] 後藤一里 cos,"後藤,一里,cos"
79046,Baseball,[討論] 樂天怎麼沒排大巨蛋主場賽程,"樂天,怎麼,沒排,大巨蛋,主場,賽程"
464780,hatepolitics,[公告] 20150506_政檢版規草稿,"20150506,政檢,版,規,草稿"
847460,Tech_Job,[請益] 請問台積口頭offer裱人的機會大嗎?,"請問,台積,口頭,offer,裱,人,機會,大"
577199,Military,日本防衛廳技術研究本部的創意,"日本,防衛廳,技術,研究,本部,創意"
102664,Baseball,[新聞] 主場票房拚突破象猿高牆 味全龍赴日取經,"主場,票房,突破,象猿,高牆,味全龍,赴,日,取經"
53045,Baseball,[新聞] 陳傑憲專訪》如果美日職來敲門 陳傑憲,"陳傑憲,專訪,美,日職,敲門,陳傑憲"
683967,stock,[新聞] 快訊／45萬股東注意！　新光金紀念品送「,"快訊,45,萬,股東,注意,新光金,紀念品,送"
566987,Military,[分享] starlink 23 | falcon 9 block 5,"starlink,23,falcon,9,block,5"
15474,Baseball,[討論] 味全龍的hololive之夜算大成功吧？,"味全龍,hololive,夜,算,大,成功"
97793,Baseball,[分享] 今日曾峻岳&富藍戈,"今日,曾峻岳,富藍戈"
790333,stock,[公告] 2014q1股板徵文投票ing,"2014,q1,股板,徵文,投票,ing"
247966,c_chat,[新聞] 加藤小夏以《沉默之丘f》首度入圍tga最佳,"加藤,小夏,沉默,之丘,f,首度,入圍,tga,最佳"
174389,Baseball,[分享] 戴培峰套套夾住岳政華棒棒影片,"戴培峰,套套,夾住,岳政華,棒棒,影片"
426276,hatepolitics,[新聞] 遭跟監偷拍9天！王義川揭幕後主使是「他,"遭,跟監,偷拍,9,天,王義川,揭幕,後,主使,是,他"
509358,Lifeismoney,[情報] 蘭蔻小黑安瓶官網代碼+組合優惠,"蘭蔻,小黑,安瓶,官網,代碼,組合,優惠"
504867,Lifeismoney,[情報] line mobile 生日快樂,"line,mobile,生日快樂"
224200,Boy-Girl,[心情] 版上吵架中偷渡心情-不想長大,"版,上,吵架,中,偷渡,心情,不,想,長大"
420641,hatepolitics,[討論] 柯文哲：妙天的1000萬橘子拖走不然我要拖,"柯文哲,妙天,1000,萬,橘子,拖走,我,要,拖"
61483,Baseball,[討論] 明年統一是否該換外籍教頭才能救的回來？,"明年,統一,是否,該,換,外籍,教頭,才能,救,回來"
172634,Baseball,[新聞] u18／林詔恩、邱鑫獲選明星球員　明年u18,"u18,林詔恩,邱鑫,獲選,明星,球員,明年,u18"
397501,c_chat,[vtub]vspo 英リサ apt 非官方mix 100萬觀看 發錢,"vspo,英,リ,サ,apt,非,官方,mix,100,萬,觀看,發錢"
2260,Baseball,[新聞] 倪福德43歲生日快樂！唯一中職輸出大聯盟,"倪福德,43,歲,生日快樂,唯一,中職,輸出,大聯盟"
409506,hatepolitics,[黑特] 日本60歲以下超過50%支持台灣有事行使自,"日本,60,歲,以下,超過,50,支持,台灣,有事,行使"
278195,c_chat,[活俠] 雪山派應該是目前結果最好的路線吧?,"雪山,派,應該,是,目前,結果,最好,路線"
822327,Tech_Job,[新聞] 茂迪驚傳裁撤長晶廠　百餘員工受影響,"茂迪,驚傳,裁撤,長晶廠,百餘,員工,受,影響"
823437,Tech_Job,[情報]  在職進修訊息,"在職,進修,訊息"
477235,Lifeismoney,[情報] richart life 16號會員日 領point一點,"richart,life,16,號,會員,日,領,point,一點"
299217,c_chat,[閒聊] 蓋特娘 2跟3,"蓋特,娘,2,3"
443675,hatepolitics,[新聞] 王義川來了！　陪同罷免馬文君志工掃街,"王義川,來,陪同,罷免,馬文君,志工,掃街"
730579,stock,[新聞] marvell創歷史高：採用台積電3奈米製程,"marvell,創,歷史,高,採用,台積電,3,奈米,製程"
766151,stock,[標的] (多)黃金,"多,黃金"
821584,Tech_Job,[請益] 雙鍵化工,"雙鍵,化工"
582908,pc_shopping,[請益] sfx電源與matx機殼選擇,"sfx,電源,matx,機殼,選擇"
694166,stock,"[新聞] 集邦：micro led晶片產值今年倍增達2,700","集邦,micro,led,晶片,產值,今年,倍增,達,2,700"
753458,stock,[新聞] 得晶圓產能得天下聯詠天鈺營運樂觀,"得,晶圓,產能,得,天下,聯詠,天鈺,營運,樂觀"
510438,Lifeismoney,[情報] line point $1,"line,point,1"
162316,Baseball,[分享] 上沢直之明年將挑戰大聯盟,"上沢直,明年,挑戰,大聯盟"
199131,Boy-Girl,[求助] 另一半禮物選擇,"另一半,禮物,選擇"
311232,c_chat,[閒聊] 還有不到半年就可以和姆咪團聚了,"還,有,不到,半年,就,姆咪,團聚"
228353,Boy-Girl,[求助] 關於語言交換 是我太小心眼了嗎? (文長),"關於,語言,交換,是,我,太,小心眼,文長"
61324,Baseball,[分享] 味全龍fb 天母萬聖節活動,"味全龍,fb,天母,萬聖節,活動"
607457,pc_shopping,[菜單] 40k娛樂機 ver.3,"40,k,娛樂,機,ver,.3"
771637,stock,[心得] 手牽手(抗sars藝人大合唱),"手,牽手,抗,sars,藝人,大,合唱"
568672,Military,[新聞] 五角大樓採用分層病毒測試以保持軍隊戰鬥,"五角,大樓,採用,分層,病毒,測試,保持,軍隊,戰鬥"
63918,Baseball,[炸裂] gavin lux,"gavin,lux"
784472,stock,[新聞] 貿易戰大陸必勝 陸學者：北京握有3王牌,"貿易戰,大陸,必勝,陸,學者,北京,握有,3,王牌"
328953,c_chat,[25春] 到棒球場捕捉我吧06 捧啤酒賣笑的jk,"到,棒球場,捕捉,我,06,捧,啤酒,賣笑,jk"
59942,Baseball,[新聞] 王志煊登板時機刻意安排 觀察對中心棒次,"王志煊,登板,時機,刻意,安排,觀察,對,中心,棒次"
52578,Baseball,[分享] 陳傑憲三分炮跑壘,"陳傑憲,三分,炮,跑壘"
612697,pc_shopping,[菜單] 50k itx 影音機,"50,k,itx,影音,機"
500075,Lifeismoney,[情報] 一起加油！精選貼圖限時三折,"一起,加油,精選,貼圖,限時,三折"
527407,Lifeismoney,[情報] 雜誌app免費看30天,"雜誌,app,免費,看,30,天"
557065,Military,[情報] spacex發表starshield國安服務,"spacex,發表,starshield,國安,服務"
165080,Baseball,[分享] 日本武士隊、火腿隊一同祝賀杉谷拳士引退,"日本,武士隊,火腿隊,一同,祝賀,杉谷拳士,引退"
59642,Baseball,[新聞] spc-12強賽》中華隊秘密武器來了！ 「最,"spc,12,強賽,中華隊,秘密,武器,來,最"
532632,Lifeismoney,[問題] 3m diy濾水器,"3,m,diy,濾水器"
84002,Baseball,[新聞] 燃燒125球追平來台最多　霸威斯請纓續投,"燃燒,125,球,追平,來,台,最多,霸,威斯,請纓,續投"
194858,Boy-Girl,[心情] [分享] 關於被單親媽媽分手這篇……,"關於,單親,媽媽,分手,這,篇"
71849,Baseball,[新聞] u15世界盃棒球賽余利亞敲超前安 率台灣擊,"u15,世界盃,棒球賽,余,利亞,敲,超前,安,率,台灣"
624082,pc_shopping,[情報] 微星 gtx1650 d6 aero oc $3990,"微星,gtx1650,d6,aero,oc,3990"
71262,Baseball,[新聞] 岳家兄弟板凳中斷連63場先發 平野惠一解,"岳家,兄弟,板凳,中斷,連,63,場,先發,平野,惠一解"
708156,stock,[新聞] 學者觀點－美元何時反轉？(洽foreignex),"學者,觀點,－,美元,何時,反轉,洽,foreignex"
246734,c_chat,[鳴潮] 漂子幹嘛還去念書當學生？,"漂子,幹嘛,還,去,念書,學生"
423509,hatepolitics,[新聞] 大馬村全村平安撤離「洪災0傷亡」！村長還原撤村關鍵 光復鄉,"大馬村,全村,平安,撤離,洪災,0,傷亡,村長,還原,撤村,關鍵,光復鄉"
125710,Baseball,[新聞] 鄭佳彥回家鄉指導馬公投手 要求態度企圖,"鄭佳彥,回,家鄉,指導,馬公,投手,要求,態度,企圖"
597490,pc_shopping,[菜單] 輕度程式股票機 20k-25k,"輕度,程式,股票,機,20,k,25,k"
258283,c_chat,[gkms] 學生會長倉本千奈！？,"學生,會長,倉本,千奈"
607183,pc_shopping,[請益] atx 2k內機殼選擇 (不要玻璃),"atx,2,k,內,機殼,選擇,不要,玻璃"
623541,pc_shopping,[心得] re: 原x屋 裝機從3-7天變成2-3週,"re,原,x,屋,裝機,3,7,天,變成,2,3,週"
41672,Baseball,[分享] 清宮幸太郎：ai說我會打全壘打,"清宮,幸,太郎,ai,說,我,會,打,全壘打"
649611,stock,[新聞] 川普又罵台灣晶片！台股跳水691點 金管會,"川普,又,罵,台灣,晶片,台股,跳水,691,點,金管會"
85965,Baseball,[分享] 亞洲mlb打者迄今ops+,"亞洲,mlb,打者,迄今,ops"
439709,hatepolitics,[討論] 為什麼都在討論智伃，百大鎖匠呢？,"為什麼,都,討論,智,百大,鎖匠"
689449,stock,[新聞] 股匯殺聲隆隆 台股重挫連失三道防線,"股匯,殺聲,隆隆,台股,重挫,失三,道,防線"
612167,pc_shopping,[菜單] 90k 遊戲休閒工作機 （感謝健檢）,"90,k,遊戲,休閒,工作,機,感謝,健檢"
592826,pc_shopping,[菜單] 20k遊戲機(不含顯卡),"20,k,遊戲機,不,含顯,卡"
548316,Military,[新聞] 陸海空軍懲罰法修正草案增財產罰款可罰10,"陸海空軍,懲罰法,修正,草案,增,財產,罰款,可罰,10"
331852,c_chat,[holo] 佩可拉 請求交尾~,"佩可拉,請求,交尾,~"
273542,c_chat,[蔚藍] 瑪麗化妝,"瑪麗,化妝"
214221,Boy-Girl,[求助] 有男朋友但還會和其他男生聊天,"有,男朋友,還,會,其他,男生,聊天"
702402,stock,[新聞] 歐盟公布關鍵原料法案 對中國稀土依賴將,"歐盟,公布,關鍵,原料,法案,對,中國,稀土,依賴"
751132,stock,[其他] 00677u參加標借，讓自己額外多一筆收入,"00677,u,參加,標,借,讓,自己,額外,多,一筆,收入"
329560,c_chat,[閒聊] 角川財報顯示ニコニコ付費會員數僅98.9萬,"角川,財報,顯示,ニ,コ,ニ,コ,付費,會員數,僅,98.9,萬"
250386,c_chat,[妮姬] 1、2、3周年劇情都很完美對吧,"1,2,3,周年,劇情,都,完美"
278627,c_chat,[閒聊] 請選擇你的寶可夢（不建議水系）,"選擇,你,寶可夢,不,建議,水系"
415131,hatepolitics,[討論]32:0笑死 綠共打盧 下一屆還不是一樣是江,"32,0,笑死,綠,共,打,盧,下,一屆,還不是,一樣,是,江"
137235,Baseball,[live] npb dena v 中日　大貫晋一-髙橋宏斗,"npb,dena,v,中日,大貫晋,一,髙,橋,宏,斗"
704462,stock,[新聞] 〈熱門股〉晉弘內視鏡營收占比增 一度站,"熱門股,晉弘,內視鏡,營收,占比,增,一度,站"
676999,stock,[新聞] 〈財報〉歐盟疫苗營收偏低 莫德納下修全,"財報,歐盟,疫苗,營收,偏低,莫德納,下修,全"
314681,c_chat,[蔚藍] 對喜美重拳出擊,"對,喜美,重拳,出擊"
479559,Lifeismoney,[情報] 神腦會員iphone換電池8折(指定門市),"神腦,會員,iphone,換,電池,8,折,指定,門市"
331650,c_chat,[25春] mono女孩 04,"mono,女孩,04"
788550,stock,[公告] takizawa5566自刪標的文初犯警告一次,"takizawa5566,刪,標的,文,初犯,警告,一次"
76066,Baseball,[炸裂] cavan biggio,"cavan,biggio"
9767,Baseball,[新聞] mlb》對前東家小熊扛決戰重任　達比修有,"mlb,前,東家,小熊,決戰,重任,達比修有"
480672,Lifeismoney,[情報] 全家全盈pay消費500以上得50購物,"全家,全盈,pay,消費,500,以上,得,50,購物"
651475,stock,[新聞] 經濟學人：川普沒料到的中國稀土禁令,"經濟學人,川普,料到,中國,稀土,禁令"
590484,pc_shopping,[閒聊] 為什麼沒有分離式電腦,"為什麼,沒有,分離式,電腦"
104837,Baseball,[新聞] mlb》道奇總教練壓力爆表！美媒：兩年,"mlb,道奇,總教練,壓力,爆表,美媒,兩年"
76819,Baseball,[分享] 陳傑憲 fb,"陳傑憲,fb"
563889,Military,[新聞] 南韓空軍兩架kt-1教練機墜毀　造成3死,"南韓,空軍,兩架,kt,1,教練機,墜毀,造成,3,死"
223577,Boy-Girl,[求助] 如何化解吵架後的尷尬,"如何,化解,吵架,後,尷尬"
530594,Lifeismoney,[情報] happy go週三得點,"happy,go,週三,得,點"
278192,c_chat,[閒聊] 絕區 席德 是不是真的很讚,"絕區,席德,是,不,是,真的,很,讚"
138890,Baseball,[問題] 富邦打擊怎麼救?,"富邦,打擊,怎麼,救"
366078,c_chat,[閒聊] 因為大亂鬥遊戲而引起的吵架,"因為,大,亂鬥,遊戲,引起,吵架"
72132,Baseball,[分享] 梁玹種 成為韓國職棒通算三振王,"梁玹,種,成為,韓國,職棒,通算,三振王"
256257,c_chat,[閒聊] 用ai做柚子社動畫,"ai,做,柚子,社,動畫"
387596,c_chat,[警世] 哥哥狂課手遊「課到只能吃泡麵過活」,"哥哥,狂課,手遊,課到,只,能,吃,泡麵,過活"
298942,c_chat,[25夏] 青春豬頭少年不會夢見聖誕服女郎 1~3,"青春,豬頭,少年,不會,夢見,聖誕,服,女郎,1,~,3"
165409,Baseball,[新聞] 無緣彭政閔紀錄！周思齊生涯首度台灣大賽,"無緣,彭政閔,紀錄,周思齊,生涯,首度,台灣,大賽"
459590,hatepolitics,[公告] 星が降る夜にあなたにあえた tasy4n 4-6,"星,が,降,る,夜,に,あ,な,た,に,あ,え,た,tasy4n,4,6"
569745,Military,[新聞] 義大利官方確認 加入英國6代暴風研發計畫,"義大利,官方,確認,加入,英國,6,代,暴風,研發,計畫"
737865,stock,[標的] 3711 日月光投控 技術多,"3711,日月光,投控,技術,多"
317324,c_chat,[mygo] 可以摸嗎,摸
641533,pc_shopping,[請益] 兩年電腦有感升級,"兩年,電腦,有感,升級"
846492,Tech_Job,[請益] 華亞科技cim技術工程師,"華亞,科技,cim,技術,工程師"
685887,stock,[新聞] 遭爆裁員300人 面板大廠今「急發重訊」回,"遭,爆,裁員,300,人,面板,大廠,今,急,發,重訊,回"
554773,Military,[分享] 美軍的管理制度如此卓越相關書單,"美軍,管理,制度,卓越,相關,書單"
8203,Baseball,[新聞] 普侯斯重返天使？有望接任總教練　老闆親自出馬：第一人選,"普侯斯,重返,天使,有望,接任,總教練,老闆,親自,出馬,第一,人選"
700449,stock,[新聞] fed傳聲筒估本周升1碼、創16年高點,"fed,傳聲筒,估,本周,升,1,碼,創,16,年,高點"
581685,pc_shopping,[菜單] 70k剪輯遊戲機,"70,k,剪輯,遊戲機"
314033,c_chat,[vtub] kiara：粉絲繪瑟瑟化+胸部通貨膨脹 怎辦,"kiara,粉絲,繪,瑟瑟,化,胸部,通貨膨脹,怎,辦"
695757,stock,[標的] 討論2344 華邦電,"討論,2344,華邦電"
108618,Baseball,[問題] 什麼時候中華隊投手都能催到近150？,"什麼,時候,中華隊,投手,都,能,催到,近,150"
140814,Baseball,[新聞] spc-mlb》火球男藤浪控球再度暴走 日作家,"spc,mlb,火球,男,藤浪,控球,再度,暴走,日,作家"
277422,c_chat,[問題] 空間系跟空間系能力要怎麼分勝負?,"空間,系,空間,系,能力,要,怎麼,分,勝負"
121035,Baseball,[問題] 天使這季是不是輸給藍鳥三壘手?,"天使,這季,是,不,是,輸給,藍鳥,三壘手"
112235,Baseball,[情報] 響尾蛇世界大賽主場三戰全完售了,"響尾蛇,世界,大賽,主場,三戰,全,完售"
778643,stock,[新聞] 政院力推高雄橋頭科學園區 都市計畫過關,"政院,力推,高雄,橋頭,科學園區,都市,計畫,過關"
580240,pc_shopping,[菜單] 80k左右黑海景遊戲機,"80,k,左右,黑,海景,遊戲機"
162998,Baseball,[新聞] mlb／封王遊行沒什麼 j-rod帶女友返鄉竟有新人王遊行,"mlb,封王,遊行,沒,什麼,j,rod,帶,女友,返鄉,竟,有,新人王,遊行"
285688,c_chat,[25夏] 遊樂場少女的異文化交流 [06],"遊樂場,少女,異,文化,交流"
295554,c_chat,[閒聊] 明末遊戲本身也有不少問題吧,"明末,遊戲,本身,也,有,不少,問題"
634353,pc_shopping,[情報] 據報導intel cascade lake-x已延遲出貨,"據,報導,intel,cascade,lake,x,已,延遲,出貨"
220924,Boy-Girl,[心情] 我好貪心,"我,好,貪心"
752623,stock,[標的] 2340 光磊 多,"2340,光磊,多"
359652,c_chat,[vtub] 阿夸六週年週邊,"阿,夸六,週年,週邊"
213525,Boy-Girl,[討論] 女友跟朋友出去玩,"女友,朋友,出去,玩"
721039,stock,[情報] 0314 上市櫃外資投信買超金額排行,"0314,上市櫃,外資,投信,買超,金額,排行"
665189,stock,[新聞] 「糖衣」投資？庫克5千億美元「美國製造,"糖衣,投資,庫克,5,千,億美,元,美國,製造"
276917,c_chat,[泛式] 2025年10月新番導視,"2025,年,10,月,新,番,導視"
530095,Lifeismoney,[建議] 歡樂點也可以在ibon兌換喔,"歡樂點,也,ibon,兌換"
512389,Lifeismoney,[情報] 禮坊巧克力鳳梨酥憑dm免費兌換,"禮坊,巧克力,鳳梨酥,dm,免費,兌換"
263428,c_chat,"[閒聊] ""唱歌喝酒""是台k特有文化嗎?","唱歌,喝,酒,是,台,k,特有,文化"
53266,Baseball,[討論] 日本電視台還會在拍台灣敬禮的秘密嗎,"日本,電視台,還,會,拍,台灣,敬禮,秘密"
96781,Baseball,[分享] 今日宋家豪,"今日,宋家豪"
665238,stock,[心得] 一堆大陸人在講自營交易???,"一堆,大陸人,講,自營,交易"
444271,hatepolitics,[新聞] 川普點名逼宮intel執行長 ! 華爾街日報,"川普,點名,逼宮,intel,執行長,華爾街日報"
290231,c_chat,[25夏] 拔作島 04 尺度突破極限的孕動會,"拔,作島,04,尺度,突破,極限,孕動會"
46228,Baseball,[問題] 西班牙足球能踢到台灣12:3嗎,"西班牙,足球,能,踢到,台灣,12,3"
3717,Baseball,[新聞] 林安可非常想出國實現夢想！蘇泰安坦言想,"林安可,非常,想,出國,實現,夢想,蘇泰安,坦言,想"
349874,c_chat,[刺客] 來說說暗影者的好吧！,"來,說,說,暗影,者,好"
808744,Tech_Job,[新聞] 太陽能需求強彈 台廠擴產搶商機,"太陽能,需求,強彈,台廠,擴產,搶,商機"
137174,Baseball,[討論] 中信是不是常常有自我毀滅的戰術,"中信,是,不,是,常常,有,自我,毀滅,戰術"
668204,stock,[情報] 0103 上市櫃外資投信買超金額排行,"0103,上市櫃,外資,投信,買超,金額,排行"
274790,c_chat,[閒聊] 原神6.0主線大雷==,"原神,6.0,主線,大雷"
169430,Baseball,[問題] 為啥兩隊球員互噴垃圾話會被驅逐出場,"為啥,隊球員,互噴,垃圾話,會,驅逐出場"
777399,stock,[新聞] 聯詠穩坐tddi市場龍頭，日系外資調高目,"聯詠,穩,坐,tddi,市場,龍頭,日系,外資,調高,目"
463421,hatepolitics,[討論] 新竹縣第十屆立委選區,"新竹縣,第十屆,立委,選區"
578621,pc_shopping,[開箱] 視博通 sw437多硬碟atx機殼／cmt370(?),"視,博通,sw437,多,硬碟,atx,機殼,cmt370"
740095,stock,[新聞] 法國賽諾菲藥廠將斥巨資 研發mrna疫苗,"法國,賽諾菲,藥廠,將,斥,巨資,研發,mrna,疫苗"
448582,hatepolitics,[討論] 盧媽告人民是不是不演了?,"盧媽,告,人民,是,不,是,不演"
588296,pc_shopping,[情報] 涉隱瞞代工業務2260億巨額虧損 投資人火,"涉,隱瞞,代工,業務,2260,億,巨額,虧損,投資人,火"
10139,Baseball,[新聞] 「復仇道奇」成條紋軍最大動力！洋基教頭,"復仇,道奇,成,條紋,軍,最大,動力,洋基,教頭"
117308,Baseball,[情報] npb 9/27 球員異動,"npb,9,27,球員,異動"
78898,Baseball,[分享] 張育成記者會訪談懶人包,"張育成,記者會,訪談,懶人包"
724735,stock,[新聞] 桃園電子廠宏致「5員工確診」！ 公司回應了,"桃園,電子廠,宏致,5,員工,確診,公司,回應"
156294,Baseball,[新聞] 高中木聯/高岳翔兩度牽制關鍵！ 美和pk,"高中,木聯,高岳,翔,兩度,牽制,關鍵,美和,pk"
572232,Military,[情報] 101空降師接收m17手槍,"101,空降師,接收,m17,手槍"
37778,Baseball,[分享] 布萊威(scott blewett)遭到金鶯隊dfa,"布萊,威,scott,blewett,遭到,金鶯隊,dfa"
387270,c_chat,[vtub] 紅色那隻不要了？holo bae的摯友friendtaro今出道 是澳洲人,"紅色,那,不要,holo,bae,摯友,friendtaro,今,出道,是,澳洲人"
610948,pc_shopping,[閒聊] 現在組電玩機還有人在買防毒？,"現在,組,電玩機,還,有,人,買,防毒"
579507,pc_shopping,[菜單] 50k遊戲機,"50,k,遊戲機"
155287,Baseball,[討論] 會懷念一起用加油棒應援的時候嗎,"懷念,一起,加油,應援,時候"
450784,hatepolitics,[討論] 脆：投完票了 快發錢！,"脆,投完,票,快,發錢"
133636,Baseball,[新聞] spc 中華隊、明星隊交戰!百位女孩齊聚明,"spc,中華隊,明星隊,交戰,百位,女孩,齊聚,明"
43860,Baseball,[分享] 美國香蕉隊下週將在65k觀眾面前打球,"美國,香蕉,隊,下週,將,65,k,觀眾,面前,打球"
323347,c_chat,[母雞] 喵奶,"喵,奶"
382483,c_chat,[蔚藍] 總決算女,"總決算,女"
834968,Tech_Job,[請益] 東京威力面試通知及職缺詢問,"東京,威力,面試,通知,職缺,詢問"
41832,Baseball,[新聞] 日職》熱身賽打擊率1成初的坂本勇人仍是,"日職,熱身賽,打擊率,1,成初,坂本勇人,仍,是"
375308,c_chat,[蔚藍] 蓮實前輩好厲害,"蓮實,前輩,好,厲害"
220340,Boy-Girl,[心情] 誰不是誰的備胎,"誰,不,是,誰,備胎"
715343,stock,[心得] 投資指數型etf就能擊敗大盤？以s&p500 e,"投資,指數型,etf,就,能,擊敗,大盤,s,p500,e"
261759,c_chat,[河流] river漫畫：年齡認證,"river,漫畫,年齡,認證"
699474,stock,"[標的] 0056,00713,00878選跌最多的？","0056,00713,00878,選跌,最多"
107786,Baseball,[討論] 台鋼對陳文杰的評價內容,"台鋼,陳文杰,評價,內容"
370976,c_chat,[閒聊] 在地下城遇見司掌火焰的巨龍,"地下,城,遇見,司掌,火焰,巨龍"
818180,Tech_Job,[討論] 26歲gg課長?,"26,歲,gg,課長"
587223,pc_shopping,[開箱] 給自己的88節禮物 asus pg32ucdp及配件,"自己,88,節,禮物,asus,pg32ucdp,配件"
426237,hatepolitics,[討論] 笑死人 月薪14萬叫人不要領1萬元,"笑死,人,月薪,14,萬,叫,人,不要,領,1,萬元"
650953,stock,[新聞] 讚台積電為台灣產業鋪沃土！謝金河：台灣,"讚,台積電,台灣,產業,鋪,沃土,謝金河,台灣"
786047,stock,[公告] cofepupu 水桶10年,"cofepupu,水桶,10,年"
162060,Baseball,[新聞] 贏在高張力經驗　穀保奪冠教頭談u18五虎,"贏,高張力,經驗,穀保,奪冠,教頭,談,u18,五虎"
248342,c_chat,[閒聊] 少年jump未來的六巨頭,"少年,jump,未來,六,巨頭"
170395,Baseball,[分享] 中央聯盟救援王,"中央,聯盟,救援王"
838920,Tech_Job,[心得] 研替面試心得系列 【5 聯詠 novatek】,"研替,面試,心得,系列,5,聯詠,novatek"
185652,Boy-Girl,[討論] 老台男:約會本來就男生付錢阿,"老台,男,約會,本來,就,男生,付錢,阿"
432442,hatepolitics,[討論]柯文哲真的贏了 北檢被打臉,"柯文哲,真的,北檢,打臉"
25990,Baseball,[新聞] mlb》挑戰夢幻紀錄！大谷翔平飆分劍指百,"mlb,挑戰,夢幻,紀錄,大谷翔平,飆分,劍指,百"
188074,Boy-Girl,[討論] 出社會後的戀愛是怎樣的?,"出,社會,後,戀愛,是,怎樣"
772506,stock,[心得] 大家都掛漲停這樣台股不就漲爆了？！,"大家,都,掛,漲停,這樣,台股,不,就,漲,爆"
348436,c_chat,[閒聊] 士郎：我可是一般健全男高中生啊！,"士郎,我,一般,健全,男,高中生"
820561,Tech_Job,[請益]立景創新,"立景,創新"
431832,hatepolitics,"[討論] 中元節,阿北為什麼不回家?","中元節,阿北,為什麼,不,回家"
841387,Tech_Job,[請益] 畢業一個多月找不到工作的苦者之一,"畢業,一個,多,月,找,不到,工作,苦者,一"
702592,stock,[新聞] 銀行股風暴延燒 台指期夜盤大跌超過200點,"銀行股,風暴,延燒,台指期,夜盤,大跌,超過,200,點"
770924,stock,[新聞] 台股再度重挫　蘇建榮：國安基金隨時stand by,"台股,再度,重挫,蘇建榮,國安,基金,隨時,stand,by"
260331,c_chat,[生肉] 小邪神飛踢   280,"小,邪神,飛踢,280"
279876,c_chat,[vtub] towa提到en演唱會大家喊她tmt這件事,"towa,提到,en,演唱會,大家,喊,她,tmt,這件,事"
166931,Baseball,[情報] 今日cpbl兩地人數,"今日,cpbl,兩,地,人數"
825792,Tech_Job,[討論] 大家面試考試時會作弊嗎？,"大家,面試,考試,作弊"
735493,stock,[新聞] 四利多強心 鋼鐵in起來,"四,利多,心,鋼鐵,in,起來"
113346,Baseball,[新聞] 洋基讓gallo用13號 a-rod不開心,"洋基,讓,gallo,13,號,a,rod,開心"
401244,c_chat,[情報] 藥師少女的獨語 2期 幾田りら コメント,"藥師,少女,獨語,2,期,幾,田,り,ら,コ,メ,ン,ト"
40605,Baseball,[新聞] 曾峻岳燈光秀、動畫初亮相仍有修正空間,"曾峻岳,燈光秀,動畫,初,亮相,仍,有,修正,空間"
493679,Lifeismoney,[情報] klook  85度c 燕麥奶紅茶 買一送一,"klook,85,度,c,燕麥,紅茶,買一送一"
233329,Boy-Girl,[求助] 無解的前女友問題,"無解,前,女友,問題"
209296,Boy-Girl,[求助] 不同對象，話題開放度,"不同,對象,話題,開放"
482787,Lifeismoney,[情報] line point 1點,"line,point,1,點"
366759,c_chat,[蔚藍] 領域展開,"領域,展開"
320128,c_chat,[法環] 黑夜君臨 boss也懂無限復讀,"黑夜,君臨,boss,也,懂,無限,復,讀"
834154,Tech_Job,[心得] 被回覆︰現階段我重視的是生活的平衡,"回覆,︰,現階段,我,重視,是,生活,平衡"
238752,Boy-Girl,[心情] 怎麼可能祝你幸福,"怎麼,可能,祝,你,幸福"
233843,Boy-Girl,[公告] scintillante 水桶公告,"scintillante,水桶,公告"
24813,Baseball,[分享] 今日 陳柏毓,"今日,陳柏毓"
692238,stock,[請益] 台灣為什麼特別喜歡將子公司獨立上市？,"台灣,為什麼,特別,喜歡,子公司,獨立,上市"
202528,Boy-Girl,[求助] 不知道女方的想法,"不,知道,女方,想法"
417941,hatepolitics,[討論] 所以中天到底是挺鄭還是挺郝?,"中天,到底,是,挺,鄭,還是,挺郝"
344322,c_chat,[魔物] 為什麼這隻柔毛秧雞這麼大?,"為什麼,這,柔毛,秧雞,這麼,大"
292248,c_chat,[畢竟] jump shop裡 中國黃牛大戰爆發,"jump,shop,裡,中國,黃牛,大戰,爆發"
72792,Baseball,[專欄] 洋基有8大理由該效法道奇 讓賈吉比照大谷,"洋基,有,8,大,理由,該,效法,道奇,讓,賈吉,大谷"
811059,Tech_Job,[新聞] 半導體隱形冠軍 砸32.5億擴大投資高雄,"半導體,隱形,冠軍,砸,32.5,億,擴大,投資,高雄"
292795,c_chat,[vtub] 角蓮 甜妹歌回 今天是蓮仔小喬,"角蓮,甜,妹歌,回,今天,是,蓮,仔,小喬"
368319,c_chat,[mygo] 所以為何燈唱詩超絆沒有哭到走音？,"為何,燈,唱,詩,超,絆,沒有,哭,到,走音"
672785,stock,[新聞] 00943網羅 ai、電腦設備成分股 etf,"00943,網羅,ai,電腦,設備,成分股,etf"
534286,Lifeismoney,[問題] 中華電信歡樂點商城~要結束營業?,"中華,電信,歡樂點,商城,~,要,結束,營業"
419213,hatepolitics,[討論] cheap是不是把趙少康當下弦鬼？,"cheap,是,不,是,趙少康,當下,弦,鬼"
712671,stock,"[新聞] 道瓊上漲400點,因經濟數據及財報提振","道瓊,上漲,400,點,經濟,數據,財報,提振"
562401,Military,[分享] 俄羅斯位於克里米亞的辦公室遭到潑漆,"俄羅斯,位於,克里米亞,辦公室,遭到,潑漆"
347350,c_chat,[買夠] 1個小時的愛木須龍,"1,個,小時,愛木須龍"
28941,Baseball,[新聞] 補賽周賽程出爐！陳傑憲前往美國開球,"補賽,周,賽程,出爐,陳傑憲,前往,美國,開球"
120944,Baseball,[新聞] u18世界盃》波多黎各完封墨西哥 不敗之身明對決台灣,"u18,世界盃,波多黎各,完封,墨西哥,不敗,之身,明,對決,台灣"
274013,c_chat,[心得] 電影版小林家的龍女僕：害怕寂寞的龍,"電影版,小,林家,龍,女僕,害怕,寂寞,龍"
187242,Boy-Girl,[討論]為什麼多數伴侶的年紀都是男大女小呢?,"為什麼,多數,伴侶,年紀,都,是,男,大女,小"
608935,pc_shopping,[菜單] 150k遊戲機,"150,k,遊戲機"
278471,c_chat,[活俠] 葉雲裳車禍bad end,"葉雲裳,車禍,bad,end"
40115,Baseball,[炸裂] 中川圭太,"中川,圭太"
113668,Baseball,[分享] 北海道火腿鬥士10年來一指 2012-2022,"北海道,火腿,鬥士,10,年來,一,指,2012,2022"
625693,pc_shopping,[情報] amd ryzen 5000 cezanne apu預告：,"amd,ryzen,5000,cezanne,apu,預告"
455794,hatepolitics,[討論] 賴神創世，黃國昌捧懶叫登場！,"賴神,創世,黃國昌,捧,懶,叫,登場"
362595,c_chat,[原神] 在遊戲裡布教,"遊戲,布教"
764094,stock,[新聞] 分析師：台積電不一定吃得下,"分析師,台積電,不一定,吃,得,下"
824799,Tech_Job,[新聞] 日ai大廠安川進駐 首投資中科2億元,"日,ai,大廠,安川,進駐,首,投資,中科,2,億元"
329029,c_chat,[問題] 為什麼綠色的會跟紅色的走這麼近,"為什麼,綠色,會,紅色,走,這麼,近"
457713,hatepolitics,[公告] geordie 少數霸凌多數ㄉ社會,"geordie,少數,霸凌,多數,ㄉ,社會"
635799,pc_shopping,[菜單] 中秋香香機 18k,"中秋,香香,機,18,k"
536402,Lifeismoney,[公告] 水桶-teanau/cvbgtr12/huang050,"水桶,teanau,cvbgtr12,huang050"
121263,Baseball,[分享] 今日aaron judge,"今日,aaron,judge"
404026,hatepolitics,[討論] 美國2025年國家安全戰略,"美國,2025,年,國家,安全,戰略"
604739,pc_shopping,[菜單] 35內輕度文書機,"35,內,輕度,文書,機"
199321,Boy-Girl,[討論] 戀愛是不是社交能力強的人專屬的,"戀愛,是,不,是,社交,能力,強,人,專屬"
267205,c_chat,[25夏] 光逝去的夏天end 幹超好看,"光,逝去,夏天,end,幹,超,好看"
46542,Baseball,[分享] 教士簽下yuli gurriel前有先洽詢達比修,"教士,簽下,yuli,gurriel,前,有先,洽詢,達比修"
743365,stock,[應徵] ma40433,ma40433
457360,hatepolitics,[公告] 你用唇語說你要離開 a00610lol 2-9,"你,唇語,說,你,要,離開,a00610lol,2,9"
1773,Baseball,[新聞] 黑豹旗》高一就扛第3棒 劉桓宇淘汰邊緣敲,"黑豹旗,高一,就,扛,第,3,棒,劉桓宇,淘汰,邊緣,敲"
545314,Military,[情報] 烏軍官方殲敵統計&情報數則 (24/11/5),"烏軍,官方,殲,敵,統計,情報,數則,24,11,5"
845874,Tech_Job,[聘書] 廣達、緯創 offer請益,"廣達,緯創,offer,請益"
564746,Military,[公告]多人水桶,"多,人,水桶"
720367,stock,[情報] 0323 上市櫃外資投信同買排行,"0323,上市櫃,外資,投信,買,排行"
754531,stock,[標的] (請益)台積上看1000,"請益,台積,上看,1000"
778154,stock,[標的] 6126信音-多,"6126,信音,多"
773003,stock,[新聞] 台股守9400大關　國安基金待命,"台股,守,9400,大關,國安,基金,待命"
703348,stock,[新聞] 獨家／央行副總裁陳南光辭職 政大經濟,"獨家,央行,副總裁,陳,南光,辭職,政大,經濟"
206629,Boy-Girl,[心情] 結束,結束
382032,c_chat,[閒聊] 你坐啊，祥子。,"你,坐,祥子"
452368,hatepolitics,[討論] 黃國昌打出了最漂亮的絕殺,"黃國昌,打出,最,漂亮,絕殺"
73372,Baseball,[新聞] 張育成3棒燙、4棒涼 首度打第2棒力抗兄,"張育成,3,棒,燙,4,棒,涼,首度,打,第,2,棒力,抗兄"
696647,stock,[情報] 112年07月20日 三大法人買賣金額統計表,"112,年,07,月,20,日,三大,法人,買賣,金額,統計表"
346354,c_chat,[閒聊] 月曜日のたわわ 連載第121話,"月曜,日,の,た,わ,わ,連載,第,121,話"
653568,stock,[新聞] 坐三望二看一！ 勞金局：勞動基金8月份有,"坐三,望,二看,一,勞金局,勞動,基金,8,月份,有"
329279,c_chat,[母雞] 爽世跟祥子為什麼沒有遺傳媽媽的貧乳,"爽,世,祥子,為什麼,沒有,遺傳,媽媽,貧乳"
695756,stock,[情報] 3257虹冠電 7月營收,"3257,虹冠,電,7,月,營收"
130679,Baseball,[分享] 美職首次女性裁判將女性總教練驅逐出場,"美職,首次,女性,裁判,女性,總教練,驅逐出場"
754871,stock,[請益] 元大台灣五十正一和反一同時收紅？,"元大,台灣,五十,正一,反,一,同時,收紅"
315022,c_chat,[閒聊] 有黑魔導女人嗎,"有,黑,魔導,女人"
531892,Lifeismoney,[情報] 廉價航空-春秋航空。吉祥航空,"廉價,航空,春秋,航空,吉祥,航空"
324423,c_chat,[vtub] senzawa推特簡介又改：gura和鯊魚子鯖的頭號粉絲,"senzawa,推特,簡介,又,改,gura,鯊魚,子,鯖,頭號,粉絲"
699431,stock,[新聞] 財經青紅燈》85家台商剉咧等,"財經,青,紅燈,85,家,台商,剉,咧"
428351,hatepolitics,[討論] 綠共執政，到底要不要做事啦？,"綠共,執政,到底,要不要,做,事"
342142,c_chat,[vtub] 小箱or個人vtuber 0409 dd串,"小箱,or,個,人,vtuber,0409,dd,串"
422067,hatepolitics,[討論] 黃國昌突然丟上報三年前的獨家要幹嘛？,"黃國昌,突然,上報,三年,前,獨家,要,幹嘛"
731226,stock,[新聞] 中國監管不斷 分析師：醫療業恐是下個目,"中國,監管,不斷,分析師,醫療業,恐,是,下,個,目"
310128,c_chat,[閒聊] 國外遊戲都不太會特地為中文重新配音?,"國外,遊戲,都,不,太,會,特地,中文,重新,配音"
581486,pc_shopping,[菜單] 60k左右ptt機,"60,k,左右,ptt,機"
133470,Baseball,[炸裂] 劉基鴻炸裂,"劉基鴻,炸裂"
201170,Boy-Girl,[討論] 大陸情感挽回 他她情感 董德老師,"大陸,情感,挽回,他,她,情感,董德,老師"
440989,hatepolitics,[黑特] 陳時中明年可以選台北市長嗎?,"陳,時,中,明年,台北市長"
697373,stock,[情報] 3035 智原 五月自結,"3035,智原,五月,結"
397681,c_chat,[ptcg] 關於新卡包的寶可夢之笛,"關於,新卡,包,寶可夢,笛"
710364,stock,[新聞] 8月券商定期定額突破55億,"8,月,券商,定期,定額,突破,55,億"
784638,stock,[新聞] 大陸a股繼續集體下跌 外資淨流出近54億,"大陸,a,股,繼續,集體,下跌,外資,淨流出,近,54,億"
182480,Baseball,[新聞] spc-mlb》豪寫相隔9年的飆速紀錄 39歲韋,"spc,mlb,豪,寫,相隔,9,年,飆速,紀錄,39,歲,韋"
645557,pc_shopping,[開箱] 視博通體驗活動-戰神1的到來,"視,博通,體驗,活動,戰神,1,到來"
596893,pc_shopping,[情報] 美亞8孔延長線isobar8ultra  $73.98,"美亞,8,孔,延長線,isobar8ultra,73.98"
315680,c_chat,[刀亂] 刀劍亂舞 限定鍛刀：千代金丸 (太刀),"刀劍,亂舞,限定,鍛刀,千代,金丸,太刀"
425920,hatepolitics,[新聞] 18歲新兵打靶疑膛炸重傷　沈伯洋：國軍,"18,歲,新兵,打靶,疑,膛炸,重傷,沈伯洋,國軍"
574695,Military,[討論] the last ship的海戰情節,"the,last,ship,海戰,情節"
425,Baseball,[分享] 富藍戈:i miss this a lot.,"富藍戈,i,miss,this,a,lot"
318748,c_chat,[心得] 波羅五號：超電磁新紀元voltes v: legacy,"波羅,五號,超,電磁,新,紀元,voltes,v,legacy"
300962,c_chat,[蔚藍] 夏日特別企劃 彌香,"夏日,特別,企劃,彌香"
220453,Boy-Girl,[求助](代po)男友說我公主病...?,"代,po,男友,說,我,公主病"
450890,hatepolitics,[黑特] 雜質說有夠蠢 應該說淬鍊,"雜質,有夠,蠢,應該,淬鍊"
824097,Tech_Job,[新聞] 宇瞻全面升級新一代記憶體　支援兩大平台,"宇瞻,全面,升級,新一代,記憶體,支援,兩,大,平台"
608301,pc_shopping,[開箱] crucial p5 1t不專業開箱,"crucial,p5,1,t,專業,開箱"
636273,pc_shopping,[菜單] 60k香香機最終確認,"60,k,香香,機,最終,確認"
686652,stock,[新聞] 跨界聯手 永豐攜綠石、大同推動淨零,"跨界,聯手,永豐,攜,綠石,大同,推動,淨,零"
338017,c_chat,[閒聊] 不當哥哥了99話 高速公路驚魂,"不當,哥哥,99,話,高速,公路,驚魂"
487700,Lifeismoney,[情報] mac 套裝軟體,"mac,套裝,軟體"
463369,hatepolitics,[討論] 2020台北市立委第四選區,"2020,台北市,立委,第四,選區"
463761,hatepolitics,[討論]嘉義縣縣市長選舉各里得票與人口變形圖,"嘉義縣,縣市長,選舉,各里,得票,人口,變形"
708591,stock,[閒聊] 2022/10/19 盤後閒聊,"2022,10,19,盤,後,閒聊"
224152,Boy-Girl,[求助] 可能因為女友爸爸的關係而分手,"可能,因為,女友,爸爸,關係,分手"
536141,Lifeismoney,[省錢] 牛臺牌沙茶醬三公斤哪邊買便宜??,"牛,牌,沙茶醬,三,公斤,哪邊,買,便宜"
496297,Lifeismoney,[討論] uniqlo 貼錯價格直接吸收？,"uniqlo,貼錯,價格,直接,吸收"
832465,Tech_Job,[徵才] 會gva vios的人才,"會,gva,vios,人才"
834866,Tech_Job,[請益] 大公司約聘好嗎?,"大,公司,約聘,好"
771873,stock,[心得] donald總統trump紀念歌,"donald,總統,trump,紀念歌"
177934,Baseball,[live] cpbl例行賽#206 中信兄弟 vs 統一 @台南,"cpbl,例行賽,206,中信,兄弟,vs,統一,台南"
690999,stock,[情報] 1124 上市投信買賣超排行,"1124,上市,投信,買賣,超,排行"
88914,Baseball,[分享] 5/18 中信兄弟 x 品客 開球嘉賓 - 品客先,"5,18,中信,兄弟,x,品客,開球,嘉賓,品客,先"
297683,c_chat,[vtub] 鐵鼠ironmouse持續為免疫缺陷基金會募款！善款已累計接近千,"鐵鼠,ironmouse,持續,免疫,缺陷,基金會,募款,善款,已,累計,接近,千"
540629,Military,[情報] 烏軍官方殲敵統計 (25/5/3),"烏軍,官方,殲,敵,統計,25,5,3"
696245,stock,[閒聊] 2023/07/28 盤中閒聊,"2023,07,28,盤中,閒聊"
663829,stock,[情報] 20250320 中央銀行理監事聯席會議決議,"20250320,中央,銀行,理監事,聯席,會議,決議"
649485,stock,[新聞] 輝達籌設台灣子公司　4大關鍵看懂外商扎,"輝達,籌設,台灣,子公司,4,大,關鍵,看懂,外商,扎"
351585,c_chat,[母雞] 母雞卡的考據都是沒意義的吧？,"母雞,卡,考據,都,是,沒,意義"
97923,Baseball,[炸裂] 陳重廷,陳重廷
787788,stock,[閒聊] 2018/11/02 盤後閒聊,"2018,11,02,盤,後,閒聊"
246382,c_chat,[七龍珠] 為什麼悟空他們打架一定要這麼累？,"為什麼,悟空,他們,打架,一定,要,這麼,累"
705621,stock,[新聞] 航空雙雄迎長假商機！ q1客運量估季增4成,"航空,雙雄,迎,長假,商機,q1,客運量,估,季增,4,成"
325613,c_chat,[閒聊] 沒空的領導人有利益才變張臉硬湊過來..,"沒空,領導人,有,利益,才,變,張,臉,硬,湊過來"
235649,Boy-Girl,[心情] 我們的房子可不可以讓我們自己決定就好？,"我們,房子,讓,我們,自己,決定,就,好"
845929,Tech_Job,[聘書] 公司選擇 太陽光電&聯相光電,"公司,選擇,太陽,光電,聯相,光電"
208830,Boy-Girl,[討論] 現在bws還是少女最愛嗎?,"現在,bws,還是,少女,最愛"
154511,Baseball,[討論] 大家現在對中華隊期待有拉高嗎？,"大家,現在,對,中華隊,期待,有,拉高"
25611,Baseball,[新聞] 感人！marte已逝母親遭辱罵落淚　主場見,"感人,marte,已,逝,母親,遭,辱罵,落淚,主場,見"
48458,Baseball,[新聞] 「雙鋼會」來了!台鋼歷史性首次「全鷹主,"雙鋼會,來,台鋼,歷史性,首次,全鷹,主"
256843,c_chat,[閒聊] 如果真的跟蕾潔交往 她會是哪種個性？,"真的,蕾,潔,交往,她,會,是,哪種,個性"
498343,Lifeismoney,[情報] 5/1雅詩蘭黛小棕瓶50ml買一送一,"5,1,雅詩蘭黛,小,棕,瓶,50,ml,買一送一"
641110,pc_shopping,[菜單] 30k遊戲機(電源機殼請益),"30,k,遊戲機,電源,機殼,請益"
805985,Tech_Job,[討論] 聯發科有在自主研發處理器嗎？,"聯發科,有,自主,研發,處理器"
76365,Baseball,[live] npb 廣島 v 養樂多　 hatch-山野太一,"npb,廣島,v,養樂多,hatch,山野,太,一"
477663,Lifeismoney,[情報] mizuno wave sky 6 4e超寬楦折後2345元,"mizuno,wave,sky,6,4,e,超寬,楦,折,後,2345,元"
434692,hatepolitics,[討論] 黃國昌真的是青鳥的救贖 xdd,"黃國昌,真的,是,青鳥,救贖,xdd"
660499,stock,[新聞] 限空令為何不限期？ 金管會揭理由了,"限,空令,為何,不,限期,金管會,理由"
603777,pc_shopping,[請益] 筆電os選擇?,"筆電,os,選擇"
203898,Boy-Girl,[心情] 七夕的玩笑/禮物,"七夕,玩笑,禮物"
753393,stock,[心得] 賀錦麗的關鍵票[鄉民總經觀察20210208],"賀錦麗,關鍵票"
730330,stock,[心得] 世界升息會造成何種影響？,"世界,升息,造成,何種,影響"
402750,c_chat,[問題] 這張圖....是誰？,"張圖,是,誰"
518519,Lifeismoney,[討論] 喝豆漿的健康省錢方案,"喝,豆漿,健康,省錢,方案"
419186,hatepolitics,[討論] 青鳥為什麼拒絕承認日本殖民台灣?,"青鳥,為什麼,拒絕,承認,日本,殖民,台灣"
255943,c_chat,[閒聊] 滿田為什麼不畫先發投手上壘9次的劇情,"滿田,為什麼,不,畫,先發,投手,上壘,9,次,劇情"
154739,Baseball,[討論] 中華隊隊長24怎麼了,"中華隊,隊長,24,怎麼"
688070,stock,[新聞] 疫後居家新趨勢 室內設計需求暴增5成 平均預算約200萬,"疫,後,居家,新,趨勢,室內,設計,需求,暴增,5,成,平均,預算,約,200,萬"
721171,stock,[新聞] 俄羅斯報復！59家在俄外企擬收歸國有 蘋,"俄羅斯,報復,59,家,俄,外企,擬,收歸,國有"
5814,Baseball,[新聞] 藍鳥世界大賽首戰推耶薩維奇先發　比薛,"藍鳥,世界,大賽,首戰,推,耶,薩維,奇,先發,薛"
787606,stock,[閒聊] 2019/01/11 盤後閒聊,"2019,01,11,盤,後,閒聊"
807618,Tech_Job,[討論] wfh 遇颱風假怎麼算 ?,"wfh,遇,颱風假,怎麼,算"
111764,Baseball,[新聞] 季後賽統一獅最火熱打者　蘇智傑說明年,"季後賽,統一獅,最,火熱,打者,蘇智傑,明年"
816401,Tech_Job,[討論] 三個月調薪問題,"三個,月,調薪,問題"
445918,hatepolitics,[討論] 羅冥財：我知道你還有錢,"羅冥,財,我,知道,你,還,有錢"
229553,Boy-Girl,[討論] 最近在思考自己的價值觀,"最近,思考,自己,價值觀"
184430,Boy-Girl,[討論] 遠距戀愛真的可行嗎？,"遠距,戀愛,真的,可行"
843355,Tech_Job,[聘書] 矽品 全智科技,"矽品,全智,科技"
729865,stock,[情報] 110年10月20日 三大法人買賣金額統計表,"110,年,10,月,20,日,三大,法人,買賣,金額,統計表"
543257,Military,[討論] 前綠扁帽示範如何在臥射時保持精準,"前,綠扁帽,示範,如何,臥射,時,保持,精準"
487240,Lifeismoney,[情報] 灘nada 聖誕組優惠,"灘,nada,聖誕,組,優惠"
52657,Baseball,[分享] 郭俊麟 fb (與前隊友合照),"郭俊麟,fb,前,隊友,合照"
584625,pc_shopping,[情報] 真的假的拉 9070在cod 4k逼近4090??,"真的,假,拉,9070,cod,4,k,逼近,4090"
261412,c_chat,[vtub] 兔田佩可拉和vivi 這對是不是很穩定了？,"兔,田佩可拉,vivi,這,是,不,是,很,穩定"
127253,Baseball,[分享] 前田健太與前隊友 kris johnson 見面,"前田健太,前,隊友,kris,johnson,見面"
478759,Lifeismoney,[討論] 山苦瓜油切綠茶 1元,"山,苦瓜,油切,綠茶,1,元"
139816,Baseball,[新聞] 挨噓後2打點二壘打助雙城勝教士　correa：繼續前進,"挨噓,後,2,打點,二壘打,助,雙城,教士,correa,繼續,前進"
840528,Tech_Job,[請益]博弈遊戲產業的情況??,"博弈,遊戲,產業,情況"
487338,Lifeismoney,[情報]中信兄弟總冠軍-贊廠商優惠～第二波！,"中信,兄弟,總冠軍,贊,廠商,優惠,第二,波"
700149,stock,[情報] 6669 緯穎 4月營收 mom-47.7% yoy-8.6%,"6669,緯,穎,4,月,營收,mom,47.7,yoy,8.6"
557071,Military,[新聞] 德、以大廠合作生產euro-puls多管火箭,"德,大廠,合作,生產,euro,puls,多,管,火箭"
586218,pc_shopping,[菜單] 25k 輕遊戲matx主機請益,"25,k,輕,遊戲,matx,主機,請益"
624520,pc_shopping,[情報] nzxt推出n7 z490主機板,"nzxt,推出,n7,z490,主機板"
332826,c_chat,[問題] hololive 熊瑪琳的emoji跟一般貼圖差異?,"hololive,熊,瑪琳,emoji,一般,貼圖,差異"
792100,Tech_Job,[新聞] 英特爾 150 億美元併 mobileye，現在做,"英特爾,150,億美,元,併,mobileye,現在,做"
464195,hatepolitics,[討論]台中01選區立委選舉各里得票(2008~2016),"台中,01,選區,立委,選舉,各里,得票,2008,~,2016"
642555,pc_shopping,[開箱] amd送3a真香sapphire藍寶rx590 nitro+,"amd,送,3,a,真香,sapphire,藍寶,rx590,nitro"
754367,stock,[標的] 8028昇陽半 短多,"8028,昇陽,半,短多"
529434,Lifeismoney,[問題] 太和工坊,"太,工坊"
447590,hatepolitics,[討論] 藍白關稅謾罵計畫表,"藍白,關稅,謾罵,計畫表"
574627,Military,[新聞] 3d列印無人偵察機,"3,d,列印,人,偵察機"
467699,Lifeismoney,[情報] 中嘉網路雙11,"中嘉,網路,雙,11"
166889,Baseball,[分享] 歷史上的今天-大學長粉碎桃猿四連霸美夢,"歷史,上,今天,大學,粉碎,桃猿,四連霸,美夢"
779942,stock,[請益] 證券分析的意義,"證券,分析,意義"
497859,Lifeismoney,[情報] 小米手環4特價$665,"小米,手環,4,特價,665"
472057,Lifeismoney,[情報] 趨勢防毒5折優惠,"趨勢,防毒,5,折,優惠"
271892,c_chat,[61姐] 鷹嶺ルイ 重大告知3d live,"鷹嶺,ル,イ,重大,告知,3,d,live"
788458,stock,[公告] rain5888 違反板規4-4 水桶一週,"rain5888,違反,板規,4,4,水桶,一週"
259358,c_chat,[閒聊] 淀治如果遇到水源會被騙多少錢?,"淀治,遇到,水源,會,騙,多少,錢"
668779,stock,[心得]妖股的故事 第五篇,"妖股,故事,第五篇"
290894,c_chat,[閒聊] 八意永琳中醫義診,"八意,永琳,中醫,義診"
803178,Tech_Job,[請益] 緯創四大碩第一年破百,"緯創,四大,碩,第一年,破百"
815620,Tech_Job,[新聞] 台積電7奈米夯爆…最大苦主出現,"台積電,7,奈米,夯爆,最,大,苦主,出現"
546761,Military,[新聞] 蒲亭：烏跨境進犯大規模挑釁 俄急撤數千人,"蒲亭,跨境,進犯,大規模,挑釁,俄,急,撤,數千,人"
508263,Lifeismoney,[情報] 淘寶有遊戲玩了能拿雙11優惠券,"淘寶,有,遊戲,玩,能,拿,雙,11,優惠券"
657336,stock,[情報] 114年06月26日 三大法人買賣金額統計表,"114,年,06,月,26,日,三大,法人,買賣,金額,統計表"
250973,c_chat,[蔚藍] 黑色 需要,"黑色,需要"
288047,c_chat,[鐵道] 海瑟音第一波營收,"海瑟,音,第一,波,營收"
461360,hatepolitics,[討論] pennsylvania 賓州結果推估,"pennsylvania,賓州,結果,推估"
81247,Baseball,[新聞] 張育成史上最強打者海歸 中職傑出旅外球,"張育成,史上,最,打者,海歸,中職,傑出,旅外,球"
748356,stock,[請益] 大家都是怎麼判斷股票該加碼攤平或是停損,"大家,都,是,怎麼,判斷,股票,該,加碼,攤平,停損"
299719,c_chat,[閒聊] 拉達岡是紅姐的話你ok嗎？,"拉達,岡是,紅姐,話,你,ok"
245989,c_chat,[閒聊] 終末地,"終末,地"
285024,c_chat,[閒聊] 鬼滅如果有肛之呼吸還會紅嗎,"鬼,滅,有肛,呼吸,還,會,紅"
352276,c_chat,[情報] 銀河特急 ミルキー☆サブウェイ 七月放送,"銀河,特急,ミ,ル,キ,ー,☆,サ,ブ,ウ,ェ,イ,七月,放送"
335354,c_chat,[25春] 搖滾樂是淑女的嗜好04 欲求不滿的女人,"搖滾樂,是,淑女,嗜好,04,欲求,不滿,女人"
566529,Military,[提問] 臺灣未來的源頭打擊能力,"臺灣,未來,源頭,打擊,能力"
84491,Baseball,[分享] u18培訓隊36人名單,"u18,培訓隊,36,人,名單"
145095,Baseball,[情報] 今日zack greinke,"今日,zack,greinke"
158157,Baseball,[情報] 美聯捕手銀棒進入wbc墨西哥初步名單,"美聯,捕手,銀棒,進入,wbc,墨西哥,初步,名單"
242600,c_chat,[vtub] nova 圖奇台 20251202,"nova,圖奇,台,20251202"
401761,c_chat,[公連] 這遊戲是不是要 reredive 了,"遊戲,是,不,是,要,reredive"
727808,stock,[新聞] 遠東被當綠色台商重罰 謝金河點出趨勢,"遠東,當,綠色,台商,重罰,謝金河,點出,趨勢"
160227,Baseball,[問題] 余謙去哪隊可以直接兑現身價,"余謙,去,哪隊,直接,兑現,身價"
740884,stock,[請益] 如果航運隕落，誰是明日之星？,"航運,隕落,誰,是,明日,星"
224415,Boy-Girl,[討論] 聖誕禮物送女友甚麼比較好?,"聖誕,禮物,送,女友,甚麼,比較,好"
67348,Baseball,[情報] 中信兄弟fb 9/21(六) #誠泰告別,"中信,兄弟,fb,9,21,六,誠泰,告別"
435140,hatepolitics,[討論] 民眾黨的出現造成嚴重對立?,"民眾黨,出現,造成,嚴重,對立"
427518,hatepolitics,[黑特] 青鳥趕快生小孩救生育率,"青鳥,趕快,生,小孩,救,生育率"
347069,c_chat,[鋼彈] gquuuux-這件制服是不是太顯眼了?,"gquuuux,這件,制服,是,不,是,太,顯眼"
569109,Military,[分享] (推特)宇宙軍制服公布,"推特,宇宙,制服,公布"
488682,Lifeismoney,[情報] 高雄秀泰 開幕前三天只要100元,"高雄,秀泰,開幕,前三天,100,元"
436090,hatepolitics,[討論] 柯文哲看到石崇良當部長會怎樣？,"柯文哲,看到,石崇良,部長,怎樣"
65290,Baseball,[分享] 今日佐佐木朗希 (9局10k完投勝),"今日,佐佐木朗希,9,局,10,k,完投"
216930,Boy-Girl,[求助] 懇請大家給我一些意見吧～,"懇請,大家,我,一些,意見"
440672,hatepolitics,[討論] 嘉義縣長翁章梁好像很少聽到被在野罵,"嘉義縣,翁章梁,好像,很少,聽到,在野,罵"
408516,hatepolitics,[討論] ture飯、lg家電，憨鳥選哪個？,"ture,飯,lg,家電,憨,鳥,選,哪個"
807356,Tech_Job,[新聞] 亞利桑那新廠工程師錄取率比哈佛低？台積電：不正確,"亞利桑那,新廠,工程師,錄取率,哈佛,低,台積電,不,正確"
612594,pc_shopping,[請益] 5600x不擋記憶體塔散,"5600,x,不擋,記憶體,塔,散"
729457,stock,[情報] 110年10月27日 櫃買法人買賣金額統計表,"110,年,10,月,27,日,櫃買,法人,買賣,金額,統計表"
20480,Baseball,[炸裂] 戴培峰,戴培峰
802949,Tech_Job,[請益] 台積面試請益,"台積,面試,請益"
603798,pc_shopping,[菜單] 15k 文書影音機,"15,k,文書,影音,機"
398977,c_chat,[閒聊] 哇幹 不知火舞一張,"幹,不,知,火舞,一張"
500276,Lifeismoney,[情報] surface pro 7 優惠,"surface,pro,7,優惠"
6182,Baseball,[新聞] ysf-光復救災贈帽士官長陳保宏　台灣大,"ysf,光復,救災,贈帽,士官長,陳保宏,台灣,大"
368963,c_chat,[閒聊] 美國隊長4 爛番茄52%,"美國,隊長,4,番茄,52"
313230,c_chat,[閒聊] 路上碰到黑夜君臨格拉狄烏斯？,"路,上,碰到,黑夜,君臨,格拉,狄烏斯"
790238,stock,[公告] qwert1629警告一次,"qwert1629,警告,一次"
409050,hatepolitics,[新聞] 中國「房貸倒掛」潮 爆三大深層風險,"中國,房貸,倒掛,潮,爆,三大,深層,風險"
439495,hatepolitics,[討論] 綠基層振奮！徐國勇能帶領黨突破逆境,"綠,基層,振奮,徐國勇,能,帶領,黨,突破,逆境"
564504,Military,[情報] 斯特列爾科夫：你們車臣是來打卡的網紅嗎,"斯特,列爾,科夫,你們,車臣,是,打卡,網,紅"
783989,stock,[其他] 108年05月21日 三大法人買賣金額統計表,"108,年,05,月,21,日,三大,法人,買賣,金額,統計表"
770480,stock,[新聞]《紡纖股》pta競爭加劇 法人下修遠東新全,"紡纖,股,pta,競爭,加劇,法人,下修,遠東新,全"
572801,Military,[新聞] 俄羅斯幫越南蓋基地、造潛艦 俄媒：中國,"俄羅斯,幫,越南,基地,造,潛艦,俄,媒,中國"
838900,Tech_Job,[新聞] 〈北部〉友達副理跳槽中國華星 洩密判刑6,"北部,友達,副理,跳槽,中國,華星,洩密,判刑,6"
632699,pc_shopping,[開箱] 酷媽1680福袋開箱,"酷媽,1680,福袋,開箱"
231337,Boy-Girl,[求助] 該怎麼鼓起勇氣說分手?,"該,怎麼,鼓起,勇氣,分手"
512072,Lifeismoney,[省錢] 全家 酷繽砂 會員特價29元,"全家,酷,繽,砂,會員,特價,29,元"
230163,Boy-Girl,[公告] poppylove 水桶公告,"poppylove,水桶,公告"
286304,c_chat,[鳴潮] 從已知消息推測嘉貝莉娜和仇遠的定位,"從已,知,消息,推測,嘉貝,莉娜,仇遠,定位"
457128,hatepolitics,[公告] a shot in the dark truevill 2-2,"a,shot,in,the,dark,truevill,2,2"
509359,Lifeismoney,[公告] laevulose 水桶七日,"laevulose,水桶,七日"
30434,Baseball,[新聞] 徐若熙先發 球探跟到洲際,"徐若熙,先發,球探,到,洲際"
407866,hatepolitics,[討論] 投降派,"投降,派"
352572,c_chat,[刃太] 斥資3億九把刀名作《功夫》定檔　柯震東,"斥資,3,億九把,刀,名作,功夫,定檔,柯震東"
701508,stock,[情報] 5233 有量 112年3月營收,"5233,有量,112,年,3,月,營收"
712276,stock,[新聞] 白內障病患福音　台新藥眼科用藥三期解,"白內障,病患,福音,台新,眼科,用藥,三期,解"
837090,Tech_Job,[請益] 廣明光電 ssd—apm/fae,"廣明,光電,ssd,apm,fae"
424076,hatepolitics,[討論] 花蓮縣政府8月到9月到底做了什麼?,"花蓮縣,政府,8,月,到,9,月,到底,做,什麼"
759518,stock,[新聞] 盤中零股 小資族最愛十大 台積電再奪冠,"盤中,零股,小資族,最愛,十大,台積電,再,奪冠"
173061,Baseball,[新聞] 1分差敗給南韓後 台灣隊對戰荷蘭是衛冕關鍵,"1,分差,敗給,南韓,後,台灣隊,對戰,荷蘭,是,衛冕,關鍵"
490219,Lifeismoney,[情報] 特力屋+line購物最高11% line point回饋,"特力屋,line,購物,最高,11,line,point,回饋"
133827,Baseball,[分享] 小聯盟官網首頁是陳聖平,"小,聯盟,官網,首頁,是,陳聖,平"
652626,stock,[新聞] 黃仁勳成大金主 英特爾ceo陳立武樂翻po照,"黃仁勳,成大,金主,英特爾,ceo,陳立武,樂翻,po,照"
560208,Military,[情報] 英國會議員：破壞烏克蘭核電廠造成輻射外洩將違反北約第五條,"英國,議員,破壞,烏克蘭,核電廠,造成,輻射,外洩,違反,北約,第五條"
28276,Baseball,[討論] 陳子豪的模板應該是中職最佳dh羅敏卿吧?,"陳子豪,模板,應該,是,中職,最佳,dh,羅敏卿"
413280,hatepolitics,[討論] 美國馬還有影響力嗎,"美國,馬,還,有,影響力"
620787,pc_shopping,[請益] node202(橫置) 顯卡選擇,"node202,橫置,顯卡,選擇"
591950,pc_shopping,[菜單] 50k遊戲機,"50,k,遊戲機"
695349,stock,[新聞] sony帶來壞消息 暗示iphone 15需求不會,"sony,帶來,壞,消息,暗示,iphone,15,需求,不會"
28418,Baseball,[分享] 今日張奕 勝投+1,"今日,張奕,勝投,1"
88025,Baseball,[分享] 今日蔡鎮宇&劉予承,"今日,蔡鎮宇,劉予承"
674114,stock,[情報] 華電網(6163)8月營收,"華電,6163,8,月,營收"
449553,hatepolitics,[討論] 王朝是否比兩任包袱重？,"王朝,是否,兩任,包袱,重"
142291,Baseball,[分享] 中華職棒34年全壘打-4/26,"中華,職棒,34,年,全壘打,4,26"
484250,Lifeismoney,[情報] 熊貓｜小北百貨$499享75折,"熊貓,｜,小,北,百貨,499,享,75,折"
190560,Boy-Girl,[討論] 把妹常犯的錯誤有哪些?,"妹常犯,錯誤,有,哪些"
52727,Baseball,[新聞] 林昱珉恐無法戰經典賽!財經網美「見1細節,"林昱珉,恐,無法,經典賽,財經網,美,見,1,細節"
272903,c_chat,[閒聊] g世代永恆  一般池保底該保誰比較優,"g,世代,永恆,一般,池,保底,該,保,誰,比較"
397638,c_chat,[閒聊] 白鳥士郎：又輸給現實了,"白鳥,士郎,又,輸給,現實"
343369,c_chat,[母雞] 抓耙仔海鈴,"抓,耙仔,海鈴"
222008,Boy-Girl,[求助] 女友給的個人空間問題,"女友,個人,空間,問題"
476911,Lifeismoney,[情報] 新光三越中港店免費領哈根達斯（10樓贈品區兌換,"新光三越,中港店,免費,哈根達斯,10,樓,贈品,區,兌換"
342837,c_chat,[討論] 膽大黨 189 合體,"膽大,黨,189,合體"
354009,c_chat,[蔚藍] 咪卡羊  飯糰,"咪卡,羊,飯糰"
798371,Tech_Job,[聘書] 台積電/聯詠offer請益,"台積電,聯詠,offer,請益"
397661,c_chat,[我推] 打x體有重傷帽子人氣嗎,"打,x,體有,重傷,帽子,人氣"
291885,c_chat,[閒聊] 公主殿下「拷問」的時間到了 280,"公主,殿下,拷問,時間,到,280"
788702,stock,[公告] joybest 違反板規4-4水桶一週,"joybest,違反,板規,4,4,水桶,一週"
442162,hatepolitics,[討論] 怎麼有這麼廢的黨主席.....,"怎麼,有,這麼,廢,黨主席"
264635,c_chat,[鳴潮] 黎那汐塔·最終章 倒數二天,"黎那,汐,塔,最終,章,倒數,二天"
85884,Baseball,[情報] 樂天fb-桃猿紅土走透透,"樂天,fb,桃猿,紅土,走透透"
493277,Lifeismoney,[情報] line point 15,"line,point,15"
20324,Baseball,[分享] 巨魯閣,"巨,魯閣"
785571,stock,[心得] fed利率政策公布時的影響,"fed,利率,政策,公布,時,影響"
565760,Military,[新聞] 共軍若奪太平島 退將嗆拿這島報復,"共軍,奪,太平島,退,將,嗆,拿,這,島,報復"
54615,Baseball,[新聞] spc中華隊斷日本隊連勝 曾總：「這只是靠,"spc,中華隊,斷,日本隊,連勝,曾總,靠"
367076,c_chat,[閒聊] 魔法製造者後面會跟姐姐結婚嗎？,"魔法,製造,者,後面,會,姐姐,結婚"
235208,Boy-Girl,[求助] 不矯情的祝福,"不,矯情,祝福"
681869,stock,[新聞] 賴清德就職談話後台股急殺150點 回顧過去7,"賴清德,就職,談話,後,台股,急殺,150,點,回顧,過去,7"
71951,Baseball,[live] cpbl例行賽#276 樂天 vs 味全 @斗六,"cpbl,例行賽,276,樂天,vs,味全,斗六"
819351,Tech_Job,該放棄gg去留學嗎,"該,放棄,gg,去,留學"
683558,stock,[情報] 0424 上市櫃股票週轉率排行,"0424,上市櫃,股票,週轉率,排行"
42213,Baseball,[新聞] 佐佐木朗希回洛杉磯拚首勝！30日主場先,"佐佐木朗希,回,洛杉磯,拚首勝,30,日,主場,先"
791033,stock,[其他] 破曉雙星,"破曉,雙星"
32537,Baseball,[新聞] mlb》洋基2.18億美元王牌續當防禦率王！,"mlb,洋基,2.18,億美,元,王牌,續,防禦率王"
259404,c_chat,[vtub] henya、柚鳥ペケ、kson總長 圖奇台 20251020,"henya,柚鳥,ペ,ケ,kson,總長,圖奇,台,20251020"
209073,Boy-Girl,[求助] 朋友去夜店未告知女友,"朋友,去,夜店,未,告知,女友"
21369,Baseball,[新聞] 火腿隊派田中賢介來台 積極表態爭取徐若熙,"火腿隊,派,田中,賢介,來,台,積極,表態,爭取,徐若熙"
651660,stock,[標的] 美股etf drai - ai 操盤的股債配置？,"美股,etf,drai,ai,操盤,股債,配置"
159784,Baseball,[討論] 怎麼沒有人燒陳傑憲？,"怎麼,沒有,人,燒,陳傑憲"
250238,c_chat,[奶子] 汗水淋漓的網球女孩,"汗水,淋漓,網球,女孩"
132352,Baseball,[情報] cpbl球員異動,"cpbl,球員,異動"
496690,Lifeismoney,[情報] ralph lauren polo衫 特價695,"ralph,lauren,polo,衫,特價,695"
702122,stock,[情報] 3/23全市場當沖虧損最多的股票,"3,23,全,市場,虧損,最多,股票"
119946,Baseball,[分享] 今日賴智垣,"今日,賴智垣"
591507,pc_shopping,[情報] 5星7將搭i皇i7 155h加入掌機市場+32g ram,"5,星,7,將,搭,i,皇,i7,155,h,加入,掌機,市場,32,g,ram"
228631,Boy-Girl,[求助] 女生變的有點冷淡,"女生,變,有點,冷淡"
487748,Lifeismoney,[情報] 丹堤咖啡大杯飲買一送一不限杯數,"丹堤,咖啡,大,杯飲,買一送一,不限,杯數"
733592,stock,[請益] 約好對敲的目的？,"約好,敲,目的"
268800,c_chat,[艦c] 萬聖節新立繪,"萬聖節,新立,繪"
804315,Tech_Job,[討論] 企業該不該處理資深冗員???,"企業,該不該,處理,資深,冗員"
386933,c_chat,[閒聊] 家庭教師沒有戀愛線，是不是很可惜?,"家庭,教師,沒有,戀愛,是,不,是,很,可惜"
175939,Baseball,[情報] 仲井慎(下關國際)退出u18國家代表隊...,"仲井,慎,下關,國際,退出,u18,國家,代表隊"
635467,pc_shopping,[菜單] 25k上下 修圖影音機,"25,k,上下,修圖,影音,機"
636888,pc_shopping,[開箱] 老系統新平台的救星 b365 aours elite,"老,系統,新,平台,救星,b365,aours,elite"
784419,stock,[新聞] 《ff7：重製版》將拆多部分販賣　玩家全,"ff7,重製,版,將,拆,多部分,販賣,玩家,全"
753405,stock,[請益] 定期定額新手？,"定期,定額,新手"
120096,Baseball,[新聞] 蘇智傑打點連發 登得點圈安打王,"蘇智傑,打點,連發,登得,點圈,安打王"
815742,Tech_Job,[討論]台北和新竹電資就業待遇和生活品質哪個好?,"台北,新竹,電資,就業,待遇,生活品質,哪個,好"
171720,Baseball,[討論] 彬彬跟二寶是不是要黃金交叉了啊？,"彬彬,二寶,是,不,是,要,黃金,交叉"
326262,c_chat,[宣戰] epic表示apple阻止fortnite重新上架ios,"epic,表示,apple,阻止,fortnite,重新,上架,ios"
113349,Baseball,[分享] 今日 jose altuve,"今日,jose,altuve"
606937,pc_shopping,[菜單] 32k 輕度繪圖含螢幕,"32,k,輕度,繪圖,含,螢幕"
26925,Baseball,[新聞] 大家都不想輸徐若熙　葉總談被魏碩成壓制,"大家,都,不,想,輸,徐若熙,葉總,談,魏碩成,壓制"
327225,c_chat,[閒聊] 網民：你沒寫ai禁止學習表示可以用對吧,"網民,你,沒,寫,ai,禁止,學習,表示,用對"
603909,pc_shopping,[菜單] 40k-43k 文書+遊戲機,"40,k,43,k,文書,遊戲機"
710395,stock,[新聞] 快訊／捷克參議院主席德拉霍斯率團訪台！,"快訊,捷克,參議院,主席,德,拉霍,斯,率團,訪台"
393656,c_chat,[閒聊] switch遊戲選擇 朱紫or13機兵,"switch,遊戲,選擇,朱紫,or13,機兵"
416042,hatepolitics,[新聞] 蛤？陳佩琪發文喊「民進黨做實驗」：看柯,"陳佩琪,發文,喊,民進黨,做,實驗,看,柯"
749898,stock,[其他] 110年04月01日信用交易統計,"110,年,04,月,01,日,信用,交易,統計"
207989,Boy-Girl,[求助] 剛答應交往又反悔,"答應,交往,又,反悔"
79688,Baseball,[live] npb 羅德 v 西武　 種市篤暉-隅田知一郎,"npb,羅德,v,西武,種,市,篤,暉,隅,田知,一郎"
621002,pc_shopping,[情報] 銀欣700w 80 plus 鈦金 700w無風扇,"銀欣,700,w,80,plus,鈦金,700,w,風扇"
724310,stock,[新聞] 英特爾計畫在美國俄亥俄州建立大型晶圓廠,"英特爾,計畫,美國,俄亥俄州,建立,大型,晶圓廠"
657854,stock,[情報] 0613 違約交割,"0613,違約,交割"
254752,c_chat,[閒聊] 女高中生是所有年齡層的人都喜歡嗎？,"女高中生,是,所有,年齡層,人,都,喜歡"
106851,Baseball,[新聞] wzh-亞錦賽／大巨蛋將加開座位4700席！,"wzh,亞錦賽,大巨蛋,加開,座位,4700,席"
731209,stock,[新聞] 四維航現增 發行價每股46元,"四維,航,現增,發行價,每股,46,元"
810172,Tech_Job,[請益] offer 石頭/微星,"offer,石頭,微星"
316344,c_chat,[閒聊] 抬頭就能望見的美好風景,"抬頭,就,能,望見,美好,風景"
717643,stock,[情報] 111年05月10日 櫃買法人買賣金額統計表,"111,年,05,月,10,日,櫃買,法人,買賣,金額,統計表"
629720,pc_shopping,[情報] 六年前的amd e1-6010 apu復活ga-e6010n,"六年,前,amd,e1,6010,apu,復活,ga,e6010n"
844843,Tech_Job,[請益] 該坐前輩的車嗎?,"該,坐,前輩,車"
126935,Baseball,[分享] chris sale/trevor story復健賽心得,"chris,sale,trevor,story,復健賽,心得"
835079,Tech_Job,[新聞] 鴻海再造夏普，郭董擬統籌面板、太陽能事業,"鴻海,再造,夏普,郭董,擬,統籌,面板,太陽能,事業"
593566,pc_shopping,[情報] 華擎z790 pg sonic音速小子特價,"華擎,z790,pg,sonic,音速,小子,特價"
820822,Tech_Job,[請益] offer請益,"offer,請益"
43064,Baseball,[新聞] spc-中華科大複賽三戰全勝 率先晉級公開二級,"spc,中華,科大,複賽,三戰,全勝,率先,晉級,公開,二級"
364185,c_chat,[閒聊] 三藏會不會本身戰力真的很強？,"三藏,會不會,本身,戰力,真的"
558762,Military,[情報] 波蘭：吾乃東歐軍事重心，對俄之盾,"波蘭,吾,乃,東歐,軍事,重心,俄,盾"
449306,hatepolitics,[討論] 未來地方縣市普發現金應該是勢在必行的,"未來,地方,縣市,普,發現,金,應該,是,勢在必行"
693799,stock,[標的] 2538.tw 基泰 這公司我要了 多,"2538.,tw,基泰,公司,我,要,多"
388690,c_chat,[妮姬] 今日紅舞鞋,"今日,舞鞋"
72306,Baseball,[問題] 富邦如果有狀元籤還能喬誰？,"富邦,有,狀元籤,還,能,喬,誰"
530674,Lifeismoney,[情報] 五月花衛生紙特價,"五月花,衛生紙,特價"
679142,stock,[新聞] 台灣人最愛存錢！ 超額儲蓄將突破4兆新高,"台灣人,最愛,存錢,超額,儲蓄,突破,4,兆,新高"
357921,c_chat,[母雞] 金屬團是這樣嗎？,"金屬,團,是,這樣"
13266,Baseball,[新聞] 台韓棒球交流 台南與樂天球團簽訂亞太棒,"台韓,棒球,交流,台南,樂天,球團,簽訂,亞太"
440583,hatepolitics,[討論] 4個月過去了，恐嚇沈伯洋的犯人抓到沒?,"4,個,月,過去,恐嚇,沈伯洋,犯人,抓到"
514140,Lifeismoney,[情報] 國內油價 週一汽油不調價,"國內,油價,週一,汽油,不,調價"
110665,Baseball,[新聞] wcy-曾被餅總點名管理不佳　李丞齡因個人生涯,"wcy,曾,餅,總,點名,管理,不佳,李丞齡,個,人,生涯"
454703,hatepolitics,[新聞] 大罷免前夕「陳珮騏表態了」！呼籲投票：,"大,罷免,前夕,陳珮騏,表態,呼籲,投票"
379899,c_chat,[閒聊] 玩一個上站次數的小遊戲,"玩,一個,上,站,次數,小,遊戲"
666602,stock,[情報] 114年02月05日信用交易統計,"114,年,02,月,05,日,信用,交易,統計"
482196,Lifeismoney,[情報] 台北文旦一顆5元,"台北,文旦,一顆,5,元"
741816,stock,[請益] 富邦證券的使用請教,"富邦,證券,使用,請教"
160422,Baseball,[分享] rich hill 再戰一年,"rich,hill,再戰,一年"
456762,hatepolitics,[公告] lono 2-11,"lono,2,11"
184692,Boy-Girl,[心情] 這不是暈船 什麼是暈？,"這不,是,暈船,什麼,是,暈"
769601,stock,[新聞] 今年以來機車銷量年減4% 電動車衰退逾15%,"今年,以來,機車,銷量,年減,4,電動車,衰退,逾,15"
547230,Military,[情報] 俄軍從遠東地區轉移大量的s-300/400,"俄軍,遠東,地區,轉移,大量,s,300,400"
682198,stock,[請益] 現在換匯投資美股是不是不智？,"現在,換匯,投資,美股,是,不,是,不智"
283312,c_chat,[蔚藍] 花子：我悟了,"花子,我,悟"
645973,pc_shopping,[測試]差很大的 7750 vs i3-2100 內顯 + 暗黑3,"差,很大,7750,vs,i3,2100,內,顯,暗黑,3"
847647,Tech_Job,[請益] 台肥台中廠儀電課技術員,"台肥,台中廠,儀電,課,技術員"
564454,Military,[情報] 美國軍事智庫最新情報彙整(3/16),"美國,軍事,智庫,最,新,情報,彙整,3,16"
812438,Tech_Job,[新聞] 長三角一體化 打造科技重鎮,"長三角,一體化,打造,科技,重鎮"
507110,Lifeismoney,[公告] 置底檢舉 多人水桶,"置,底,檢舉,多,人,水桶"
487580,Lifeismoney,[情報] yahoo購物 純棉素色毛巾,"yahoo,購物,純棉,素色,毛巾"
456853,hatepolitics,[公告] xxxcv 2-9,"xxxcv,2,9"
766697,stock,[新聞]狂殺近2000點後止跌回穩 道瓊期指漲500點,"狂殺,近,2000,點,後,止跌,回穩,道瓊期,指漲,500,點"
621397,pc_shopping,[情報] amd新卡保留type-c 且支援pd 27w充電,"amd,新卡,保留,type,c,支援,pd,27,w,充電"
281544,c_chat,[閒聊] 壬氏會喜歡貓貓是因為遺傳嗎,"壬氏會,喜歡,貓貓,是,因為,遺傳"
338075,c_chat,[蔚藍] 心菜是大人了,"心菜,是,大人"
257527,c_chat,[閒聊] 法環盧恩熊是不是最貼近現實遇到熊的情況,"法環,盧恩熊,是,不,是,最,貼近,現實,遇到,熊,情況"
90872,Baseball,[分享] 中職歷史本土ops+130以上35歲老將,"中職,歷史,本土,ops,130,以上,35,歲,老將"
292589,c_chat,[情報] evo02025 sf6項目 八強,"evo02025,sf6,項目,八,強"
472825,Lifeismoney,[情報] 六福村秋遊星夜季 9/7 9/8 晚上免費入園,"六福村,秋遊,星夜,季,9,7,9,8,晚上,免費,入園"
255816,c_chat,[蔚藍] 偶像團長立牌好大喔,"偶像,團長,立牌,好,大"
787094,stock,[新聞]2030全球城市消長 新加坡亞洲稱霸台北褪色,"2030,全球,城市,消長,新加坡,亞洲,稱霸,台北,褪色"
487407,Lifeismoney,[情報] line point 1點,"line,point,1,點"
597673,pc_shopping,[閒聊] 麗臺和pny官網更新rtx4000 sff ada繪圖卡,"麗臺,pny,官網,更新,rtx4000,sff,ada,繪圖卡"
640122,pc_shopping,[請益] 賣1070ti換vega56/64?,"賣,1070,ti,換,vega56,64"
700790,stock,[新聞]泰豐4273坪土地標售 百峰建設以21.48億得,"泰豐,4273,坪,土地,標售,百峰,建設,21.48,億,得"
397518,c_chat,[閒聊] threat interactive對於ue5的評論有料嗎,"threat,interactive,對於,ue5,評論,有料"
352852,c_chat,[警世] 7歲女童模仿tiktok挑戰 把玩具放微波爐加,"7,歲,女童,模仿,tiktok,挑戰,玩具,放,微波爐,加"
30094,Baseball,[新聞] 長嶋茂雄最不放心巨人隊！生前「最後評,"長嶋茂雄,最,不,放心,巨人隊,生前,最後,評"
518444,Lifeismoney,[省錢] 91app 光泉保久乳 飲料 五折優惠,"91,app,光泉,保久乳,飲料,五折,優惠"
340917,c_chat,[討論] 之後如果變成大檢舉時代怎麼辦?,"之後,變成,大,檢舉,時代,怎麼辦"
190676,Boy-Girl,[求助] 女生突然說沒感覺,"女生,突然,說,沒,感覺"
511360,Lifeismoney,[情報] cold stone 買一送一 line電子優惠券,"cold,stone,買一送一,line,電子,優惠券"
222490,Boy-Girl,[討論] 事業與感情,"事業,感情"
372178,c_chat,[gkms] syngup! 性欲擔當,"syngup,性欲,擔當"
836762,Tech_Job,[請益] 漢民科技工讀,"漢民,科技,工讀"
271012,c_chat,[閒聊] 百變子  集合,"百變,子,集合"
356986,c_chat,[閒聊] 板友 這張好可愛喔,"板友,這,張,好可愛"
293355,c_chat,[蔚藍] 泳裝研討會,"泳裝,研討會"
625256,pc_shopping,[菜單] 跑程式與模擬,"跑,程式,模擬"
735394,stock,[新聞] 晶圓代工先進製程 要漲價了,"晶圓,代工,先進,製程,要,漲價"
289799,c_chat,[情報] 新版惡靈古堡 電影將以原創角色為主角,"新版,惡靈,古堡,電影,將,原創,角色,主角"
582932,pc_shopping,[菜單] 33k 左右遊戲機,"33,k,左右,遊戲機"
10644,Baseball,[分享] 多村仁志 為橫濱dena開球,"多,村,仁志,橫濱,dena,開球"
541861,Military,[情報] 川普：普丁尊重美國，弱國不該挑戰強權,"川普,普丁,尊重,美國,弱國,不,該,挑戰,強權"
200348,Boy-Girl,[心情] 我的男同事約我吃早餐,"我,男同事,約,我,吃,早餐"
89771,Baseball,[新聞] 勝騎士先發6局飆12次三振 統一獅追平最速,"騎士,先發,6,局飆,12,次,三振,統一獅,追平,最,速"
253186,c_chat,[閒聊] 才不想懷上人類的小孩……!!,"才,不,想,懷上,人類,小孩"
755208,stock,[其他] 是否應當將台積電自指數剔除,"是否,應當,台積電,指數,剔除"
426290,hatepolitics,[新聞] 「走到哪都聽到加油！」 賴總統竹北參香,"走到,哪,都,聽到,加油,賴,總統,竹北,參香"
512438,Lifeismoney,[情報] 各家福袋比較整理～1超市.2百貨.3超商,"各家,福袋,比較,整理,1,超市,.2,百貨,.3,超商"
582287,pc_shopping,[菜單] 130k ai/生產/遊戲機,"130,k,ai,生產,遊戲機"
795156,Tech_Job,[新聞] 鎖定 gaa 製程！傳美國考慮進一步限制北,"鎖定,gaa,製程,傳,美國,考慮,進一步,限制,北"
252103,c_chat,[閒聊] 我跟真炎龍有一段淵源,"我,真炎龍,有,一段,淵源"
724305,stock,[新聞] 美系外資看好運價上漲空間 重申加碼長榮,"美系,外資,看好,運價,上漲,空間,重申,加碼,長榮"
499346,Lifeismoney,[新聞] 國內汽柴油價格明2日起各調降0.8及0.9元,"國內,汽柴油,價格,明,2,日,起,各,調降,0.8,0.9,元"
677421,stock,[新聞] 《電零組》台達電ai光明燈 外資上調目標,"電,零組,台達電,ai,光明燈,外資,上調,目標"
746570,stock,[新聞] ibm發布2奈米晶片製程 計算速度大幅提升,"ibm,發布,2,奈米,晶片,製程,計算,速度,大幅,提升"
514790,Lifeismoney,[省錢] 鞋全家福100元折價券(到今晚23：59),"鞋,全家福,100,元,折價券,到,今晚,23,59"
470070,Lifeismoney,[情報] raymii 瑞米 多功能折疊桌,"raymii,瑞米,多功能,折疊桌"
831624,Tech_Job,[請益] 廣益科技,"廣益,科技"
18080,Baseball,[新聞] spc-mclean周日生涯初登板　大都會教頭：他掙來的,"spc,mclean,周日,生涯,初登板,大都會,教頭,他,掙來"
97573,Baseball,[新聞] mlb》大谷回追ig了！ 巨人王牌回憶休賽季,"mlb,大谷,回,追,ig,巨人,王牌,回憶,賽季"
308640,c_chat,[母雞] 真奈會怎麼慶祝初華生日？,"真奈,會,怎麼,慶祝,初,華生,日"
232449,Boy-Girl,[求助] 聯誼要注意什麼????,"聯誼,要,注意,什麼"
424165,hatepolitics,[公告] shirman 2-9,"shirman,2,9"
725540,stock,[請益] 可轉換公司債資產交換選擇權(cbas),"可,轉換,公司債,資產,交換,選擇權,cbas"
255229,c_chat,[閒聊] 上刺刀打得贏馬娘嗎?,"上,刺刀,打,得,贏,馬,娘"
321193,c_chat,[mygo] 真人跟玩偶我全都要,"真人,玩偶,我,全都,要"
696356,stock,[新聞] 特斯拉q2中國營收年增51.33%，占總營收,"特斯拉,q2,中國,營收,年增,51.33,占,總營收"
609948,pc_shopping,[菜單] 30k內 網頁模擬器多開(已改單子,"30,k,內,網頁,模擬器,多,開,已,改,單子"
387064,c_chat,[蔚藍] 星野的選項,"星野,選項"
496375,Lifeismoney,[新聞] 三大連鎖超商 24小時都可寄「郵局便利包,"三大,連鎖,超商,24,小時,都,可,寄,郵局,便利,包"
580501,pc_shopping,[心得] 淘寶啟動 人體工學椅,"淘寶,啟動,人體工學,椅"
556850,Military,[情報] 捷克為烏克蘭改裝的t-72「復仇者」將加,"捷克,烏克蘭,改裝,t,72,復仇,者,將,加"
360571,c_chat,[鳴潮] 共鳴者展示 布蘭特,"共鳴,者,展示,布蘭特"
446293,hatepolitics,[討論] 綠營該怎麼解釋自家出了納粹,"綠營,該,怎麼,解釋,自家,出,納粹"
